Unique ID,20180101,20180108,20180115,20180122,20180129,20180205,20180212,20180219,20180226,20180305,20180312,20180319,20180326,20180402,20180409,20180416,20180423,20180430,20180507,20180514,20180521,20180528,20180604,20180611,20180618,20180625,20180702,20180709,20180716,20180723,20180730,20180806,20180813,20180820,20180827,20180903,20180910,20180917,20180924,20181001,20181008,20181015,20181022,20181029,20181105,20181112,20181119,20181126,20181203,20181210,20181217,20181224,20181231
AA0063,,,,,,,,,,,,,,,,,,,,,"[ECP]泰國巴西名單 客戶說在打球 先mail 2Q優惠
 ",,,,,,,,,,,,,,,,,,,,,,,,,,,,,,,,
AA0102,,,,,,,,,,,,,"推Q1，家庭戶 
 ",,,,,,,,,,,,,,,,,,,,,,,,,,,,,,,,,,,,,,,,
AA0263,,"有進線問IPO.但沒有要理專回電  用mail 
 ",,"[ECP]IPO 美元 有機會 
 ",,,,,,,,,,,,,,,,,,,,,"已開ipo edm 再mail
 ",,,,,"[ECP]可意買亞債
 ",,,,,,,,,,,,,,,,,,,,,,,
AA0269,,,,,,,"[ECP]KYC名單 客戶說不需要
 ",,,,,,,,,,,,,,,,,,,,,,,,,,,,,,,,,,,,,,,,,,,,,,
AA0305,,,,,,,,,,,,,,,,,,,,,,,,,,,,,,,,,,,,"[ECP]家庭戶 徐O 有問到被動原件
 ",,,,,,,,,,,,,,,,,
AA0329,,,,,,,,,,,,,,,,,,,,,,,,,,"[ECP] 手機本人，人不錯，庫存為新興高收債組合，說明中國境內債，似乎有意願，但現在比較忙，主動請我五點後在Call 17:55手機本人說明中國境內債，說話有點急，但似乎對產品相當有興趣，郵寄書面文宣並告知20萬以上有零手續費優惠，待追蹤金額
 ","[ECP] 表示沒有收到書面的文宣，通訊地址是正確的，請我再寄一次，告知單筆20萬有零手續費，意願仍高，先登記優惠券，再提醒下單
 ","[ECP] 7/10 14:43手機本人，告知中國境內債週三開始募集，今日16:00可以交易，記得點選優惠券，前三天下單紅利點數Double
 ","[ECP] 7/18 17:35手機終於聯繫上本人，提醒募集僅到7/19 16:00前喔，客戶OK會評估
 [ECP] 客戶還是沒下單，再次手機說明中國境內債募集僅到下午四點，客戶推說陸股跌很多，已說明中國境內債低波動優勢，客戶說有空再說啦
 ",,,,,,,,,,,,,,"[ECP] 10/22 17:40上午撥打客戶請我晚點撥，後續聯繫手機家電應該是公電未接，公電應該是家電，接通就掛電，有境外EC，EMAIL推十月品牌月活動試試看，境內僅有新興高收債組合RSP，也已買回大部份
 ",,,,,"[ECP] 來電IB表示擔心市場，回電手機安撫並說明，請續扣，也推ROBO，有意願參考（平日聯繫方便是傍晚17:30後與中午12:30左右）
 ",,,,,
AA0340,,,,,,,,,,,,,,,,,,,,,,,,,,,,,,,,,,,,,,,,,,,,,,,"[ECP] 家電本人，通知10月對帳單因信箱空間不足被退件，排斥電話聯繫，態度冷淡，表示都會自己處理，EMAIL聯絡代號試試看
 ",,,,,,
AA0422,,,,,,,,,,,,,,,,,,,,,,,,,,,,,,,,"跟先生楊O榮開 金債
 ",,,,,,,,,,,,,,,,,,,,,
AA0546,,,,,,,,,,,,,,,,,,,,,,,,,,,,,,,,,,,,,,,,,,,,,,,,"11/28 14:46來電IB表示要開戶，想要買台灣高股息，設定台新 台外幣 境內外 轉Idris
 ",,"[ECP]表單填寫不全嫌表單設計太複雜,另要問推薦基金,請Mina回電,
12/12 17:47回電手機0987519955說明，境內可參考台灣高股息+環球；境外可參考天達亞洲股票+野村愛爾蘭美國高收益債，文件已寄回，但需要退件，處理中
 ","[ECP] 12/22 11:43手機本人，提醒密碼要先變更，待境內外核印完成就可以下單了，客戶OK，EMAIL活動試試看
 ",,
AA0552,,,,,,,,,,,,,,,,,,,,,,,,,,,,,,,,,,,,,,,,,,,,,,,,,,,"[ECP]電確配息帳號不異動
 ",,
AA0557,,,,,,,,,,,,"[ECP]觀望，比較建議，巴西及大俄羅斯可以D檔恢復扣款，推環球也可以D檔恢復扣款
 ",,,,,,,,,,,,,,,,,,,,,,,"推Q3，生技及巴西請客戶恢復D檔扣款，亞債及aMI、金融債
 ",,,,,,,,,,,,,,,,"[ECP]不急 Robo問卷有興趣 紅利500點 日誌一本/70歲以上
 ",,
AA0601,,,,,,,,,,,,,,,,,,,,,,,,,"[ECP]IPO 中債  有興趣 已MAIL 通知  開賣前要用line or mail
 ",,,"[ECP]ipo　ｏｋ
 ",,,,,,,,,,,,,,,,,,,,,,,,,
AA0689,,,,,,,,,,,,,,,,,,,,,,,,,,,,,,,,,,,,,,"開戶
 ",,,,,,,,,,,,,,,
AA0743,,,,,,,,,,,,,,,,,,,,,,,"[ECP]退件聯絡.
 ",,,,,,,,,,,,,,,,,,,,,,,,,,,,,,
AA0809,,"家庭戶 反應台股績效不好，請客戶改扣別檔，推中國、環球，客戶說要扣五檔，推 q1
 ",,,,,,"[ECP]反應配息帳號資料異動在2/21收到信，過年前寄出，為什麼過年後才收到，導致太太收到10元匯費。不高興不想講就掛電話了
 ",,,,,,,,,,,,,,,,,,,,,,,,,,,,,,,,,,,,,,,,,,,,,
AA0947,,,,,,,,,,,,,,,,,,,,,,,"[ECP]問題內容: 看不到基金走勢圖要下載何種軟體 已回電 idris18:02
 ",,,,,,,,,,,,,,,,,,,,,,,,,,,,,,
AA1049,,,,,,,,"不買單筆，推環球，RSP
 ",,,,,,,"家庭戶 有五戶，想買中東非，申請D檔優惠券0%各一張，推Q2
 ",,,,,,,,"[ECP]要股票，不要債券，邊境市場高收益主權債也不要，波動愈大愈好
 ",,,,,,,,,,,,,,,,,,,,,,,"[ECP]家庭戶 Robo 
 ",,,,,,,
AA1087,,,,,,,,,,,,,,,,,,,,"[ECP]推Q2，推荷寶中國，反應巴西績效不好，有告知是匯率關係
 ",,,,,,,,,,,,,,,,,,,,,,,,,,,,,,,,,
AA1134,,,,,,,,,,,,,,,,,,,,,,,,,,"[ECP]IPO 中債 好好好
 ",,,,,,,,,,,,,,,,,,,,,,,,,,,
AA1160,,,"[ECP] 有可能會再買 不EC 可寄書面
 ",,,,,,,,,,,,,,,,,,,,,,,,,,"[ECP]其他家套住  沒錢 rsp會參考
 ",,,,,,,,,,,,,,,,,,,,,,,,
AA1218,,,,,,,,,,,,,,,,,,,,,,,,,,"[ECP]再看看!
 ",,,,,,,,,,,,,,,,,,,,,,,,,,,
AA1300,,,,,,,,,,,,,"[ECP]醫生 會再參考
 ",,,,,,,,,,,,,,,,,,,,,,,,,,,,,,,,,,,,,,,,
AA1353,,,,,,,,,,,,,,,,,,,,,,,,"[ECP]推ipo中國債，只有台幣，mail
 ",,,,,"推IPO中國債+邊境市場債，請客戶記得點優惠券，客戶說再看看
 ",,,,,,,,,,,,,,,,,,,,,,,,
AA1368,,,,,,,,,"問買回,推EC
 ",,,,,,,,,,,,,,,,,,,,,,,,,,,,,,,,,,,,,,,,,,,,
AA1377,,,,,"要續扣
 ",,,,,,,,,,,,,,,,,,,,,,,,,,,,,,,,,,,,,,,,,,,,,,,,
AA1410,,,,,,,,,,,,,,,,,,,,,,,,,,,,"[ECP]通知單筆0%優惠券已入，中國境內債下單記得點
 ",,,,,,,,,,,,,,,,,,,,,,,,,
AA1529,,,,,,,,,,,,,,,,,,,,,,,,,,,,,,,,,,,,,,,,,,,,,,,,,,,"[ECP] 12/22 11:15手機本人，有收到資料但還沒拆開，請客戶找時間填，EMAIL活動試試看
[ECP] 12/22 14:16手機本人說明手續費用問題，允若金額較大，可爭取0手續費，客戶OK(明確同意開啟電話+簡訊行銷註記)
 ",,
AA1538,,,,,,,,,,,,,"開戶追蹤 再重寄表格  轉介208 台北富邦或合庫
208 娘298803廖○霞
 ",,,,,,,,,,,,,"去電娘298803廖○霞開戶ec追蹤
208 娘298803廖○霞
 ",,,,"去電娘298803廖○霞開戶ec追蹤
家庭戶
 ",,,"娘會寄回開戶 二戶 推中國 環球
 ",,,,,,,,,,,,,,,,,,,,
AA1661,,,,,,,,,,,,,,,,,,,,,,,,,,,,,,,,,,,,"[ECP]RSP申購 郵局扣款多附第2連核印聯 客表碎紙即可 不用退還
 ",,,,,,,,,,,,,,,,,
AA1707,,,,,,,,,,,,,,,,,,,,,,,,,,,,,,,,,,"[ECP]Q3 會參考
 ",,,,,,,,,,,,,,,,,,,
AA1902,,,,,,,,,"[ECP]ec追蹤 婉拒
 ",,,,,,,,,,,,,,,,,,,,,,,,,,,,,,,,,,,,,,,,,,,,
AA1935,,,,,,,,,,,,"推Q1，推環球、爭取一張D檔優惠券可以把大俄羅斯恢復扣款
 ",,,,,,,,,,,,,,,,,,"[ECP]建議D檔投資法可以恢復環球、大俄享有0%，Q3有優惠
 ",,,,,,,,,,,,,,,,,,,,,,,
AA1972,,,,,,,,,,,,,,,,,,,,,,,"[ECP]電確,儀器進口商會計人員,單筆不會超過100萬,
 ",,,,,,,,,,,,,,,,,,,,,,,,,,,,,,
AA1978,,,,,,,,,,,,,,,,,,,,,,,,,"[ECP]電確.
 ",,,,,,,,,,,,,,,,,,,,,,,,,,,,
AA1979,,,,,,,,,,,,,,,,,,,,,,,,,,,,,,,,,,,,,,,"[ECP]不需要
 ",,,,,,,,,,,,,,
AA2082,,,,,,"家庭戶 林○村的媽媽，推Q1
 ",,,,,,,,,,,,,,,,,,,,,,,,,,,,,,,,,,,,,,,,,,,,,,,
AA2159,,,,,,,,,,"[ECP]242383蔡○員推薦 
 ",,,,,,,,,,,,,,,,,,,,,,,,,,,,,,,,,,,,,,,,,,,
AA2208,,,,,,,,,,,,,,,,,,,,,,,,,,,,,"[ECP]安本中國股票停止在台銷售 客戶已知悉  並說明會送投信D檔0手續優惠券 
 ",,,,,,,,,,,,,,,,,,,,"[ECP]在別家有買al  會下robo1
 ",,,"[ECP]已下50000
 ",
AA2285,,,,"媽媽呂張○如313128 開戶寄給媽媽 台幣板信 成年
 ",,,,,,,,,,,,,,,,,,,,,,,,,,,,"家庭戶 呂媽媽說最近剛買房子，沒時間處理，傢俱還沒買，先不開
 ",,,,,,,,,,,,,,,,,,,,,
AA2286,,,,"媽媽呂○如313128 開戶寄給媽媽 台幣板信 成年
 ",,,,,,,,,,,,,,,,,,,,,,,,,,,,"家庭戶 呂媽媽剛買房子，沒空處理，暫不開
 ",,,,,,,,,,,,,,,,,,,,,
AA2293,,,,,,,"[ECP] Q1 中國 大俄 環球
 ",,,,,,,,,,,,,,,,,"[ECP]IPO中債 有機會 台幣 要MAIL
 ",,,"[ECP]會買  要券
 ","[ECP]7月定存才到期
 ",,,,,,,,,"[ECP]確認傳真買回
 ",,,,,,,,,,,,,,,,
AA2346,,,,,,,,,,,,,,,,,,,,,,,,,,,,,,,,,,,,,,,,"[ECP] 10/1 17:20手機本人，聽起來很消極，說都不投資了，都不要都不要啦，email聯絡代號並Push契約
 ",,,,,,,,,,,,,
AA2355,"家庭戶 媽媽說女兒不開了，因為打工收入不穩定
 ",,,,,"EC去電娘追蹤  再重寄
 ",,,,,,,,,,,,,,,,,,,,,,,,,,"EC去電娘追蹤   娘表本人在跟會 暫不開戶
 ",,,,,,,,,,,,,,,,,,,,,
AA2368,,,,,,,,"中國 俄 泰
 ",,,,,,,,,,,,,,,,,,,,,,,,,,,,,,,,,,,,,,,,,,,,,
AA2378,,,,,,,,,,"[ECP]EC追蹤 土銀 重寄
 ",,,,,,,,,,,,,,,"[ECP]開戶EC追蹤  冷漠回覆 
 ",,,,,,,,,,,,,,,,,,,,,,,,,,,,
AA2388,,,,,,,,,,,,,"開戶追蹤 再重寄表格  轉介208 台北富邦或合庫
 ",,,,,,,,,,,,,,,,,"家庭戶
 ",,,"娘會寄回開戶 二戶 推中國 環球
 ",,,,,,,,,,,,,,,,,,,,
AA2428,,,,,,,,,,,,,,,,,,,,,,,"[ECP]Money名單分配 永豐或台新 台外幣 有在基富通開戶 
轉介-idris , 推 q2
 ",,,,,,,,,,,,,,,,,,,,,,,,,,,,,,
AA2453,,"[ECP]IPO 過二天會打給我
 目前只有美元2萬推荷中/天亞/ NN新債
 ",,,,,,,,,"[ECP]多元轉亞高  愛美債轉NN新債
 ",,,,,,,,,,,"IPO 有告知 中債
[ECP]中國 荷中
 ",,,,,,,,,,,,,,,,,,,,,,,,,,,,,,"ROBO 70 
 ",
AA2505,,,,,,,,,,,,,,,,,,,,,"[ECP]泰國巴西名單 2Q優惠 推中國機會及荷寶中國
 ",,,,,,,"[ECP]邊境市場債 客戶會再評估
 ",,,,,,,,,,,,,,,,,,,,,,,"[ECP] 12/19 17:07手機本人，通知ROBO問券500點數，會於1月底轉入，也簡單說明ROBO，也EMAIL活動試試看
 ",,
AA2531,,,,,,,,,,,,,,,,,,,,,,,"Money名單分配 中信
 ",,,,,,,,,,,,,,,,,,,,,,,,,,,,,,
AA2553,,,"姐姐說不會和我們交易，要和理專買，弟弟人在國外
 ",,,,,,,,,,,,,,,,,,,,,,,,,,,,,,,,,,,,,,,,,,,,,,,,,,
AA2643,,,,,,,,,,,,"[ECP]專拿贈品戶  不開 
 ",,,,,,,,,,,,,,,,,,,,,,,,,,,,,,,,,,,,,,,,,
AA2684,,,,,,,,,,,,,,,,,,,,,,,,,"[ECP]市場分析
 ",,,,,,,,"[ECP]掛退
 ",,,,,,,,,,,,,,,,,,,,
AA2688,,,,,,"郭?芳，請客戶寄回開戶書，推中國
 ",,,,,,,"[ECP]follow
 ",,,,,,,,,"[ECP]follow 文件儘快寄回,沒空填
 ",,,,,,,,,,,,,,,,,,,,,,,,,,,,,,,
AA2690,,,,,,"A200805 郭O芳的姐姐,M，文件已收到，請客戶盡快寄回
 ",,,,,,,"[ECP]follow
 ",,,,,,,,,"follow 文件儘快寄回,沒空填
 ",,,,,,,,,,,,,,,,,,,,,,,,,,,,,,,
AA2699,,,,,,,,,,,,,,,,,,,,,,,,,,,,,,,,,,,"[ECP]追件.
 ",,,,,,,,,,,,,,,,,,
AA2749,,"[ECP]又來電問IPO 4年期 下午撥去才發現他之前已有來電問到其它檔
 又來確認4年期IPO年化配息多少
 ",,,,,,,,,,,,,,,,,,,,,,,,,,,,,,,,,,,,,,,,,,,,,,,,,,,
AA2758,,"[ECP]強基金 提醒客戶1月底前寄回
 ",,,,,,,,,,,,,,,,,,,,,,,,,,,,,,,,,,,,,,,,,,,,,,,,,,,
AA2764,,,,,,,,"丈夫EC開戶追蹤  再重寄表格A200953林O彥
 ",,,,,,,,,,,,,,,,,"234090 詹O妃的先生，pass idris，客戶自己線上填寫寄回
 ",,,,,,"去電太太 234090詹O妃ec追蹤，再重寄一銀台幣 轉介559 市場投資建議
 ",,"太太在處理，重新寄開戶填寫至太太收，推q3，請idris重寄
 ",,,,,,,,,,,,,,,,,,,,
AA2765,"[ECP] 去電確認開戶文件 客戶說後來去買美元保單就不開戶了
 ",,,,,,,,,,,,,,,,,,,,,,,,,,,,,,,,,,,,,,,,,,,,,,,,,,,,
AA2769,,,,,,,,,,,,,,,,,,,,,,,,,,,,,,,,"[ECP]退件聯絡,
 ",,,,,,,,,,,,,,,,,,,,,
AA2771,,"強基金新戶
 ",,,,,,,,,,,,,,,,,,,,,,,,,,,,,,,,,,,,,,,,,,,,,,,,,,,
AA2778,"推Q1
 ",,,,,,,,,,,,,,,,,,,,,,,,,,,,,,,,,,,,,,,,,,,,,,,,,,,,
AA2784,,"要用女兒名字開
 ",,,,,,,,,,,,,,,,,,,,,,,,,,,,,,,,,,,,,,,,,,,,,,,,,,,
AA2825,"兒子要開戶未成年,不願辦網路要單筆買亞太複合債.
 ",,,,,,,,,,,,,,,,,,,,,,,,,,,,,,,,,,,,,,,,,,,,,,,,,,,,
AA2826,"林O屏216022 家庭戶 有可能有這戶下單又嫌麻煩
 ",,,,,,,,,,,,,,,,,,,,,,,,,,,,,,,,,,,,,,,,,,,,,,,,,,,,
AA2827,"台幣 瑞興 轉介208
想買基金 推EC 轉介之
 ",,,,,,,,,,,,,,,,,,,,,,,,,,,,,,,,,,,,,,,,,,,,,,,,,,,,
AA2828,"某小姐要買nnl新興市場債 美元買 
Idris轉介
 ",,,,,,,,,,,,,,,,,,,,,,,,,,,,,,,,,,,,,,,,,,,,,,,,,,,,
AA2829,"客戶來電說看到4年IPO 要美金的 先寄開戶文件
去電確認外幣帳號是台北富邦
 ",,"[ECP]確認開戶文件 客戶在忙
 [ECP]去電提醒客戶還沒收到開戶文件 客戶說最近忙 會再看一下
 ",,,,,,,,,,,,,,,,,,,,,,,,,,,,,,,,,,,,,,,,,,,,,,,,,,
AA2831,,,"[ECP]電確OK
 ",,,,,,,,,,,,,,,,,,,,,,,,,,,,,,,,,,,,,,,,,,,,,,,,,,
AA2833,,"IPO四年期，寄書面至通訊，美元
Stock Q 看到4年期,10:22進線詢問,PASS M 
 ","要和先生討論一下，先生比較沒有興趣 推IPO四年期
 ",,,,,,,,,,,,,,,,,,,,,,,,,,,,,,,,,,,,,,,,,,,,,,,,,,
AA2834,,"周O幸的小孩.
 ",,,,,,,,,,,,,,,,,,,,,,,,,,,,,,,,,,,,,,,,,,,,,,,,,,,
AA2841,,"又來電問IPO 4年期 下午撥去才發現他之前已有來電問到其它檔 (之前潛在是A200922) 
 又來確認4年期IPO年化配息多少
 ",,,,,,,,,,,,,,,,,,,,,,,,,,,,,,,,,,,,,,,,,,,,,,,,,,,
AA2843,,"Tina轉介 回電給客戶問 IPO 4年期
 ",,,,,,,,,,,,,,,,,,,,,,,,,,,,,,,,,,,,,,,,,,,,,,,,,,,
AA2844,,"家庭戶 永豐，李O哲，推Q1，IPO四年期，人民幣約台幣30萬
 ",,,,,,,,,,,,,,,,,,,,,,,,,,,,,,,,,,,,,,,,,,,,,,,,,,,
AA2846,,,,"家庭戶 推四年期債IPO
 ",,,,,,,,,,,,,,,,,,,,,,,,,,,,,,,,,,,,,,,,,,,,,,,,,
AA2847,,"中信台 559
 ",,,,,,,,,,,,,,,,,,,,,,,,,,,,,,,,,,,,,,,,,,,,,,,,,,,
AA2849,,"想買全球短期收益 覺得美金計價有6%收益很讚 
推Q1，美金GSD，若金額高一點再爭取0%。外幣在一銀，和太太討論
 ",,,,,,,,,,,,,,,,,,,,,,,,,,,,,,,,,,,,,,,,,,,,,,,,,,,
AA2850,,"王O如 未滿14 轉介559 
轉介-idris，推Q1 新戶，先辦境內，有二位小孩要開戶，請客戶可以先影印
 ",,,,,,,,,,,,,,,,,,,,,,,,,,,,,,,,,,,,,,,,,,,,,,,,,,,
AA2851,,,"[ECP]電確OK
 ",,,,,,,,,,,,,,,,,,,,,,,,,,,,,,,,,,,,,,,,,,,,,,,,,,
AA2852,,"要買50萬人民幣   銀行有買類似商品 有買元大4年期-有收手續費 /兆豐3年期-沒收手續費   轉介208 
IPO人幣 5.0萬/ NN 新債10萬 會來現場開
 ","[ECP]有收到會再跟我聯絡
 ","[ECP]不買了 要去定存  再去買基金
 ",,,,,,,,,,,,,,,,,,,,,,"[ECP]ipox
 ",,,,,,,,,,,,,,,,,,,,,,,,,,,
AA2854,,,"11701王O如小孩
 ",,,,,,,,,,,,,,,,,,,,,,,,,,,,,,,,,,,,,,,,,,,,,,,,,,
AA2855,,,"推Q1，朋友 288874 李's介紹，台幣台新無外幣，要特別看能源，NN(L)能源，買股票比較多，比較有興趣是台運
 ",,,"推Q1，新戶 想買台運，有持有個股，開戶文件有收到，但是還沒空寫，請客戶先寄回 
 ",,,,,,,,,,,,,,,,,,,,,,,,,,,,,,,,,,,,,,,,,,,,,,,
AA2856,,,"RSP，推境內外開戶，台外幣國泰，以為IPO四年債可以用每個月來扣，要零手續費，所以改要買RSP
 ",,,,,,,,,,,,,,,,,,,,,,,,,,,,,,,,,,,,,,,,,,,,,,,,,,
AA2857,,,"Idris轉介 問IPO 4年期 寄開戶文件 
 [ECP]去電確認開戶文件是否有收到 客戶說剛好還沒收到
 ",,,,,,,,,,,,,,,,,,,,,,,,,,,,,,,,,,,,,,,,,,,,,,,,,,
AA2858,,,"推Q1，317305劉O滿介紹的朋友，在南山人壽上班，想要買亞債，想要加入公司的line，寄書面請客戶加入 
 ",,,"文件有收到，還沒看，客戶表示在忙，有需要再和我們說
 ",,,,,,,,,,,,,,,,,,,,,,,,,,,,,,,,,,,,,,,,,,,,,,,
AA2861,,,"轉介-vivian，推Q1 四年期債IPO，人民幣5萬，代姐姐問，人民幣是姐姐才有，不知道姐姐人民幣在哪一家銀行，先寄資料給客戶
 姐姐是王O屏 弟弟會幫客戶寄開戶，若收到開戶代表姐姐要買這一支基金，就可以問姐姐要買多少錢。建議姐姐買人民幣累績 
 ",,,,,,,,,,,,,,,,,,,,,,,,,,,,,,,,,,,,,,,,,,,,,,,,,,
AA2863,,,"問4年階梯  轉介208  
覺得4年太久了 
 ",,,,,,,,,,,,,,,,,,,,,,,,,,,,,,,,,,,,,,,,,,,,,,,,,,
AA2866,,,"永豐銀理專給的資料,但理專沒有向客戶解釋什麼是階梯  問很多  
 ",,,,,,,,,,,,,,,,,,,,,,,,,,,,,,,,,,,,,,,,,,,,,,,,,,
AA2867,,,"客戶來電問基金投資 客戶之前都在銀行買基金
 ",,,,,,,,,,,,,,,,,,,,,,,,,,,,,,,,,,,,,,,,,,,,,,,,,,
AA2868,,,,"[ECP]非美國稅務居民,風險勾錯,Cherry要採快遞請客戶修改
 ",,,,,,,,,,,,,,,,,,,,,,,,,,,,,,,,,,,,,,,,,,,,,,,,,
AA2869,,,,"[ECP]電確
[ECP]閒置資金運用
 ",,,,,,,,,,,,,,,,,,,,,,,,,,,,,,,,,,,,,,,,,,,,,,,,,
AA2871,,,"回電 電話不通
 ",,,,,,,,,,,,,,,,,,,,,,,,,,,,,,,,,,,,,,,,,,,,,,,,,,
AA2872,,,"有找到客戶了 只想問經理人的經歷 講完就說謝謝 就將電話掛斷
 ",,,,,,,,,,,,,,,,,,,,,,,,,,,,,,,,,,,,,,,,,,,,,,,,,,
AA2873,,,"在永豐銀行理專問他，有可能和理專買，會不好意思，IPO四年期債
 ","559
 ",,,,,,,,,,,,,,,,,,,,,,,,,,,,,,,,,,,,,,,,,,,,,,,,,
AA2874,,,," ipo要買美金-轉介208
IPO 約50萬台幣已內 0.4%   不會太多  會有美元  其他投信給他0  外幣台中銀 買回永豐
 ",,,,,,,,,,,,,,,,,,,,,,,,,,,"要金融債
 ",,,,,,,,,,,,,,,,,,,,,,
AA2876,,,,"IPO 美金 約台幣3-5萬
進線問IPO PASS C
 ",,,,,,,,,,,,,,,,,,,,,,,,,,,,,,,,,,,,,,,,,,,,,,,,,
AA2879,,,,"推Q1，新戶，款*2
 ",,,,,,,,,,,,,,,,,,,,,,,,,,,,,,,,,,,,,,,,,,,,,,,,,
AA2881,,,,"ipo 轉介559
 ",,,,,,,,,,,,,,,,,,,,,,,,,,,,,,,,,,,,,,,,,,,,,,,,,
AA2883,,,,"推Q1，推IPO四年期美金 ，NN(L)新興市場債
 ",,,,,,,,,,,,,,,,,,,,,,,,,,,,,,,,,,,,,,,,,,,,,,,,,
AA2884,,,,"戶號234364的小孩.娘來電,未滿20
轉介-tina，推Q1
 ",,,,,,,,,,,,,,,,,,,,,,,,,,,,,,,,,,,,,,,,,,,,,,,,,
AA2885,,,,"在忙，再和客戶說IPO，推Q1 四年期債
 ",,,,,,,,,,,,,,,,,,,,,,,,,,,,,,,,,,,,,,,,,,,,,,,,,
AA2886,,,,"對四年期債有興趣!
 ",,,,,,,,,,,,,,,,,,,,,,,,,,,,,,,,,,,,,,,,,,,,,,,,,
AA2888,,,,"ipo 美元 銀行有推他   要來101
 ",,,,,,,,,,,,,,,,,,,,,,,,,,,,,,,,,,,,,,,,,,,,,,,,,
AA2890,,,,"im  款台外 想買高配息債券 推nnl新興市場債 轉介559 中信台外幣
推Q1，轉介-idris
 ",,,,,,,,,,,,,,,,,,,,,,,,,,,,,,,,,,,,,,,,,,,,,,,,,
AA2892,,,,"從網路上看到ipo  台幣有機會  家人來電李O晴
 ",,,,,,,,,,,,,,,,,,,,,,,,,,,,,,,,,,,,,,,,,,,,,,,,,
AA2893,,,,"王O弘 王O立  ipo
 ",,,,,,,,,,,,,,,,,,,,,,,,,,,,,,,,,,,,,,,,,,,,,,,,,
AA2895,,,,"i轉介 美元  ipo 第一天經理費 扣1.5%
推IPO 208
有告知可以去收開戶
 ",,,,,,,,,,,,,,,,,,"[ECP]不投資
 ",,,,,,,,,,,,,,,,,,,,,,,,,,,,,,,
AA2896,,,,"推Q1，家庭戶 兒子 244968張O翔的爸爸，建議自己也可以開戶，用外幣來做一些規劃
 ",,,,,,,,,,,,,,,"[ECP]CDD確認ok ，推Q2，暫時不需要
 ",,,,,,,,,,,,,,,,,,,,,,,,,,,,,,,,,,
AA2898,,,,,,,,"[ECP]電確OK 缺填境買回外幣帳號 掛退
 ",,,,,,,,,,,,,,,,,,,,,,,,,,,,,,,,,,,,,,,,,,,,,
AA2899,,,,"客戶寫mail到Ｗinnie信箱陳小姐您好, 我想購買新興市債?可以給我詳細進一步資訊? 謝謝! 回電給客戶 問4年期 
去電確認是否有收到mail 客戶說下午再跟我聯絡
 ",,,,,,,,,,,,,,,,,,,,,,,,,,,,,,,,,,,,,,,,,,,,,,,,,
AA2900,,,,"IPO 鉅亨網看到/ 投信VIP 都0.11- 0手續費 
 ",,,,,,,,,,,,,,,,,,,,,,,,,,,,,,,,,,,,,,,,,,,,,,,,,
AA2901,,,,"黃太太朋友推nn新債 
 ",,,,,,,,,,,,,,,,,,,,,,,,,,,,,,,,,,,,,,,,,,,,,,,,,
AA2902,,,,"投信VIP 都給0.1-0 手 / IPO 美 亞高收
 ",,,,,,,,,,,,,,,,,,,,,,,,,,,,,,,,,,,,,,,,,,,,,,,,,
AA2903,,,,"Vivian轉介 問4年期 先寄開戶文件
 ","客戶說在休息 請我下午3點半後再聯
去電告知開戶文件今天已寄出 建議客戶如急可以線上填開戶印出我再請快遞去取件 客戶說沒關係 因她月底也忙 還是會等我們的開戶文件
 ",,,,,,,,,,,,,,,,,,,,,,,,,,,,,,,,,,,,,,,,,,,,,,,,
AA2904,,,,"侯小姐(戶號260215)來電,PASS K
260215侯小姐朋友要開戶
 ",,,,"侯小姐說朋友下週才會寄回,但不知朋友的名字還是朋友的小孩...有告知MGM 活動
 ",,,,"[ECP]侯小姐說會再和朋友聯絡是否已寄回開戶文件 
 ","[ECP]侯小姐還是不知道朋友要開戶的名字
 ",,,,,,,,,,,,,,,,,,,,,,,,,,,,,,,,,,,,,,,,
AA2905,,,,"自行來電  ipo 台200   可能用美金 
 ",,,,,,,,,,,,,,,,,,,,,,,,,,,,,,,,,,,,,,,,,,,,,,,,,
AA2906,,,,"ipo
 ",,,,,,,,,,,,,,,,,,,,,,,,,,,,,,,,,,,,,,,,,,,,,,,,,
AA2908,,,,,,,,,,,,,,,,,,,,,,"[ECP]要採華銀台幣及外幣,會再去開華銀外幣帳戶,退回寄限時
 ",,,,,,,,,,,,,,,,,,,,,,,,,,,,,,,
AA2910,,,,,"問很多 在台銀及華銀都有理專 回電給客戶說明除息日/台北富邦有買NNL新興債
 去電確認客戶是否要來開戶 另推APHY及APB 客戶說會再跟先生討論
 ",,,,,,,,,,,,,,,,,,,,,,,,,,,,,,,,,,,,,,,,,,,,,,,,
AA2912,,,,,"員工姪女,19歲,PASS K
 ",,,,,,,,,,,,,,,,,,,,,,,,,,,,,,,,,,,,,,,,,,,,,,,,
AA2913,,,,,"太太現場開戶,文件帶回填寫,考慮,有在北富邦買大俄
 ",,,,,,,,,,,,,,,,,,,,,,,,,,,,,,,,,,,,,,,,,,,,,,,,
AA2917,,,,,"聯邦銀,NNy債,推EC,寄表單,提供9家外幣銀行參考 ,PASS M
 ",,,,,,,,,,,,,,,,,,,,,,,,,,,,,,,,,,,,,,,,,,,,,,,,
AA2920,,,,,"[ECP]打公司本人接 講1Q優惠及新春活動
 ",,,,,,,,,,,,,,,,,,,,,,,,,,,,,,,,,,,,,,,,,,,,,,,,
AA2932,,,,,"C先開境內,不知用那家銀行
 ",,,"]有告知舊戶陳O娟小姐MGM 活動 ,親朋若要開戶可以把握次活動,但需於3月底前開境內外成功,
 ",,,"177173陳O娟家人  只有3000 想扣大俄
 ",,,,,,,,,,,"[ECP]林O妤 是姪女 沒錢  /推中國 俄
 ",,,,,,,,,,,,,,,,,,,,,,,,,,,,,,,
AA2933,,,,,,,"[ECP]電確 轉語音
 ",,,,,,,,,,,,,,,,,,,,,,,,,,,,,,,,,,,,,,,,,,,,,,
AA2938,,,,,,"不會上網，要買大俄書面RSP，有告知手續費0.8%，集次活動，不願留電話，網路不會，要學有點麻煩
 ",,,,,,,,,,,,,,,,,,,,,,,,,,,,,,,,,,,,,,,,,,,,,,,
AA2941,,,,,,"在永豐台外幣，在永豐有開戶，推Q1，推境內外開戶 pass idris
 559
 ",,,,,,,,,,,,,,,,,,,,,,,,,,,,,,,,,,,,,,,,,,,,,,,
AA2943,,,,,,,"Line@留名單送7-11咖啡活動，推Q1，中信，pass idris
559
 ","[ECP]正在吃東西不方便，文件還沒有去收，請客戶留意一下
 ",,,,,,,,,,,,,,,,,,,,,,,,,,,,,,,,,,,,,,,,,,,,,
AA2945,,,,,,,,,,"[ECP]電確OK
 ",,,,,,,,,,,,,,,,,,,,,,,,,,,,,,,,,,,,,,,,,,,
AA2948,,,,,,,,"208  要買中小 可再說明並推薦其他
台運 中小 優質 亞高收  rsp 很會問 
 ",,"[ECP]ec追蹤
 ",,,,,,,,,,,,,,,"[ECP]開戶EC追蹤  再重寄  
 ",,,,,,,"[ECP]開戶EC追蹤 懶 已在銀行買 仍建議客戶寄回
 ",,,,,,,,,,,,,,,,,,,,,
AA2951,,,,,,,,,,,,,,,,,,,,,,,,,,,,,,,,,,,"去電法代ec追蹤，告知表格將更新，請盡快寄回
 ","推 q3 家庭戶
 ",,,,,,,,,,,,,,,,,
AA2952,,,,,,,,"轉介-idris 家庭戶
 ",,,,,,,,,,,,,,,,,,,,,,,,,,,"去電法代ec追蹤，告知表格將更新，請盡快寄回
 ","推 q3 家庭戶
 ",,,,,,,,,,,,,,,,,
AA2953,,,,,,,,"轉介-idris 家庭戶
 ",,,,,,,,,,,,,,,,,,,,,,,,,,,"8/29去電法代ec追蹤，告知表格將更新，請盡快寄回
 ","推 q3 家庭戶
 ",,,,,,,,,,,,,,,,,
AA2956,,,,,,,,"@line好友留名單拿7-11咖啡，用華南或是富邦，用款項，推Q1，再看看
 M PASS
 ",,,,,,,,,,,,,,,,,,,,,,,,,,,,,,,,,,,,,,,,,,,,,
AA2958,,,,,,,,"@line好友留名單拿7-11咖啡，券商，買連動債，不會透過基金公司開戶
 ",,,,,,,,,,,,,,,,,,,,,,,,,,,,,,,,,,,,,,,,,,,,,
AA2965,,,,,,,,"@line好友留名單拿7-11咖啡
 ",,,,,,,,,,,,,,,,,,,,,,,,,,,,,,,,,,,,,,,,,,,,,
AA2968,,,,,,,,,"[ECP]@line好友留名單拿7-11咖啡
想買債，想買相對低，手上沒有，推NN新興債/APHY，台幣台銀/外幣中信，推Q1
M PASS 
 ","[ECP]客戶說沒有推薦基金,怎麼寫開戶,,應該是先參考基金再決定是否有想要申購的,有告知公司產品線非常完整
 ",,,,,,,,,,,,,,,,,,,,,,,,,,,,,,,,,,,,,,,,,,,
AA2969,,,,,,,,"貴公司的網站，最近常查不到淨值。 通常大約發生在午夜之後。 請加強網站的維護，以確保客戶的權益。 --   e 回覆 IDRIS18:02 感謝您的來信反應!! 已速請相關單位瞭解並解決淨值看不到的問題。 
 ",,,,,,,,,,,,,,,,,,,,,,,,,,,,,,,,,,,,,,,,,,,,,
AA2970,,,,,,,,"pass tina , 台外幣華南，推EC，有和華南理專買很多，想買台股，詢問E科技、中小，推天達亞洲
M PASS
 ",,,,,,,,,,,,,,,,,,,,,,,,,,,,,,,,,,,,,,,,,,,,,
AA2973,,,,,,,,"新春MGM
 ",,,,,,,,,,,,,,,,,,,,,,,,,,,,,,,,,,,,,,,,,,"家庭戶 
 ",,,
AA2974,,,,,,,,"新春活動客戶 推EC轉介559
 ",,,,,,,,,,,,,,,,,,,,,,,,,,,,,,,,,,,,,,,,,,,,,
AA2977,,,,,,,,,,,,,,,,,,,,,,,,,,,,,,,,,,,,,,,,,,,,"現場辦鴻利買回,未帶憑證,客戶說找不到,提供號碼及掛序帶回辦理掛失。
 ",,,,,,,,,
AA2979,,,,,,,,,"LINE留資金送咖啡券 寄開戶文件 中信銀或兆豐
 ",,,,,,,,"[ECP]EC追蹤 會寄回 
 [ECP]客戶說最近忙 會儘快寄回
 ",,,,,,,,,,,,,,,,,,,"EC追蹤  客表要出國，10月再寄新表格
 ",,,,,,,,,,,,,,,,,
AA2980,,,,,,,,,"LINE留資料 送7-11咖啡券 寄開戶 款一 中信銀
 ","[ECP]EC追蹤 在忙 晚點撥打
 ",,,,,,,"[ECP]EC追蹤 會寄回 
 ",,,,,,,,,,,,,,,,,,,"[ECP]提醒9/13前寄回 開戶追蹤 再想想 
 ",,,,,,,,,,,,"[ECP]A201309 EC追蹤 客表有很多檔都在扣 先不要寄開戶表格
 ",,,,,
AA2983,,,,,,,,,"LINE留資料送咖啡 先寄開戶 款二華銀
 ",,,,,,,,,,,,,,,,,,,,,,,,,,,,,,,,,,,,,,,,,,,,
AA2985,,,,,,,,,"LINE留資料送咖啡 本身有在基富通買我們家基金 寄開戶 台北富邦 款一 
 ",,,,,,,,,,,,,,,,,,,,,,,,,,,,,,,,,,,,,,,,,,,,
AA2986,,,,,,,,,"現場客戶，318359 羅金雄的朋友MGM，3/1再打過去問地址, 台外幣都用款項，國泰/中信/富邦/台新都有，再看要用哪一家
MGM 戶號318359
 [ECP]確認表單要寄送地址,要求放二支觸控筆
 ","[ECP]文件今天收到,還沒看,有問題會再來電,提醒儘快寄回才能參加家人推薦MGM
 ","[ECP]推Q1
開戶文件有收到，現在來寫
 女兒先不辦，現場客戶，改為兆豐，下週三下午約4:00會再來現場
 ","[ECP]等有來101聽演講再順道過來，要改為兆豐銀行台外幣，不確定哪一天，會事前打過來給我，有和客戶說若沒辦法協助她開戶，現在有專人服務她
 ",,,,,,,,,,,,,,,,,,,,,,,,,,,,,,,,,,,,,,,,,
AA2987,,,,,,,,,"MGM 戶號318359 
 ",,,,,,,,,,,,,,,,,,,,,,,,,,,,,,,,,,,,,,,,,,,,
AA2988,,,,,,,,,"LINE留資料 寄開戶 款二兆豐銀
 ",,,,,,,,,,,,,,,,,"[ECP]開戶EC追蹤 580 LINE 好 再看看 
 ",,,,,,,,,,,,,,,,,,,,,,,,,,,
AA2989,,,,,,,,,"LINE留資料 寄開戶 彰銀 款二
 ",,,,,,,,,,,,,,,,,,,,,,,,,,,,,,,,,,,,,,,,,,,,
AA2990,,,,,,,,,"LINE 留資料 寄開戶 台新
 ",,,,,,,,,,,,,,,,,,,,,,,,,,,,,,,,,,,,,,,,,,,,
AA2992,,,,,,,,,,"[ECP]掛退  缺蓋野村投信原留印章→P9 缺蓋銀行留存印鑑→P12 
 ",,,,,,,,,,,,,,,,,,,,,,,,,,,,,,,,,,,,,,,,,,,
AA2993,,,,,,,,,"LINE留資料 會考慮開戶 寄開戶 國泰世華 款二
 ",,,,,,,,,,,,,,,,,,,,,,,,,,,,,,,,,,,,,,,,,,,,
AA2994,,,,,,,,,"LINE留資料 可考慮開戶 全 台銀
 ",,,,,,,,,,,,,,,,,"[ECP]開戶EC追蹤 580 LINE 
 ",,,,,,,,,,,,,,,,,,,,,,,,,,,
AA3000,,,,,,,,," @line好友留名單拿7-11咖啡 , 都買權證，個股，無基金投資經驗，無投資興趣，還是和客戶說寄資料參考一下，
 ",,,,,,,,,,,,,,,,,,,,,,,,,,,,,,,,,,,,,,,,,,,,
AA3001,,,,,,,,," @line好友留名單拿7-11咖啡，沒有投資基金的經驗，暫時不需要，也忘了有加入野村line好友 
 ",,,,,,,,,,,,,,,,,,,,,,,,,,,,,,,,,,,,,,,,,,,,
AA3002,,,,,,,,,"50多歲，也在準備退休規劃，天下雜誌上班，200萬台幣在台北富邦，3萬美金在玉山，可以用書面，推GSD及亞太新興債，RSP環球、中國，也可以用美金及人民幣
 ",,,,,,,,,,,,,,,,,,,,,,,,,,,,,,,,,,,,,,,,,,,,
AA3004,,,,,,,,," @line好友留名單拿7-11咖啡，看email及野村投信line好友就好，不留通訊地址
 ",,,,,,,,,,,,,,,,,,,,,,,,,,,,,,,,,,,,,,,,,,,,
AA3005,,,,,,,,,"LINE好友  有機會開戶  , 一半一半 
 ",,,"[ECP]EC追蹤；客表不知有無收到，要回家問家人，確認地址無誤，請客戶確認有無收到，若未收到，會再協助重寄。
 ",,,,,,,,,,,,,,,,,,,,,,,,,,,,,,,,,,,,,,,,,
AA3006,,,,,,,,,"LINE好友  勉強要開 推開戶0 會參考
 ",,,"[ECP]有收到  但在考量中 再看看
 ",,,,"[ECP]EC追蹤 有在考慮 覺得現在盤高 告知仍有落後未漲標的 同意理專建議16:30去電聯絡 
 ",,,,,,,,,,,,,,,,,,,,,,,,,,,,,,,,,,,,,
AA3009,,,,,,,,," @line好友留名單拿7-11咖啡，
 ",,,,,,,,,,,,,,,,,,,,,,,,,,,,,,,,,,,,,,,,,,,,
AA3013,,,,,,,,,"@line好友留名單拿7-11咖啡，寄email，或是下班是晚上9點再聯絡
 ",,,,,,,,,,,,,,,,,,,,,,,,,,,,,,,,,,,,,,,,,,,,
AA3014,,,,,,,,," @line好友留名單拿7-11咖啡，RSP，台幣玉山，有時也會做單筆，推環球、中國
 ",,,,,,,,,,,,,,,,,,,,,,,,,,,,,,,,,,,,,,,,,,,,
AA3015,,,,,,,,,"@line好友留名單拿7-11咖啡，台外幣台新，已在在基富通買外幣基金
 ",,,,,,,,,,,,,,,,,,,,,,,,,,,,,,,,,,,,,,,,,,,,
AA3020,,,,,,,,,,"索取推薦網址 
 ",,,,,,,,,,,,,,,,,,,,,,,,,,,,,,,,,,,,,,,,,,,
AA3021,,,,,,,,,,"LINE好友  都在基富通下單  再想想
 ",,,,,,,,,,,,,,,,,,,,,,,,,,,,,,,,,,,,,,,,,,,
AA3022,,,,,,,,,,"銀行推NN新債 來問市場
 ",,,,,,,,,,,,,,,,,,,,,,,,,,,,,,,,,,,,,,,,,,,
AA3023,,,,,,,,,,"LINE好友  會自行從官網下表單寄回  會參考
 ",,,,,,,,,,,,,,,,,,,,,,,,,,,,,,,,,,,,,,,,,,,
AA3024,,,,,,,,,,"LINE好友/基富通客戶/只作境外 不作台幣 對債有興趣
 ",,,,,,,,,,,,,,,,,,,,,,,,,,,,,,,,,,,,,,,,,,,
AA3026,,,,,,,,,,,,,,,,,,,,,,,,,,,,,,,,,,"有誠意 但最近真的忙  家庭戶二戶
 ",,"去電娘248603王O芬ec追蹤  告知之後要改表單 請協助盡快寄回 真的忙 之後可能再重寄
 ",,,,,,,,,,,,,,,,,
AA3029,,,,,,,,,,"@line好友留名單拿7-11咖啡，對能源比較有興趣，RSP，推Q1，績極
 ",,,,,,,,,,,,,,,,,,,,,,,,,,,,,,,,,,,,,,,,,,,
AA3037,,,,,,,,,,"索取開戶資料，mail，家庭戶 ，未成年，法代在處理，眼睛不好，先寄線上填寫開戶聯結給客戶，過二天再追，投資經驗豐富
 ",,,,,,,,,,,,,,,,,,,,,,,,,,,,,,,,,,,,,,,,,,,
AA3038,,,,,,,,,,"都在基富通下單  來問市場不開戶 請小心
 ",,,,,,,,,,,,,,,,,,,,,,,,,,,,,,,,,,,,,,,,,,,
AA3039,,,,,,,,,,"爹311001江O星來電 表示基金都很熟 要幫兒子買瑞銀中國 大中華 
 ",,,,,,,,"爸說會寄回
 ",,,,,,,,,,,,,,,,,,,,,,,,,,,,,,,,,,,
AA3041,,,,,,,,,,"MGM，用台外幣華南，RSP及單筆都有，推亞債、中國、環球
 ",,,,,,,,,,,,,,,,,,,,,,,,,,,,,,,,,,,,,,,,,,,
AA3042,,,,,,,,,,"LINE留資料 寄開戶 全 土銀
 ",,,,,,,,,,,,,,,"[ECP]EC追蹤 人超恭敬有禮
 ",,,,,,,,,,,"[ECP]開戶EC追蹤 告知之後要改表單 請協助盡快寄回 客回覆好 
 ",,,,,,,,,,,,,,,,,
AA3044,,,,,,,,,,"台幣合庫，外幣中信，推q1， rsp為主，@line好友留名單拿7-11咖啡，推中國
 ",,,,,,"[ECP]EC追蹤  感覺會寄回吧... 
 ",,,,,,,,,,,,,,,,,,,,,,,,,,,,,,,,,,,,,
AA3045,,,,,,,,,,"LINE留資料 寄開戶款二
 ",,,,,,,,,,,,,,,,,,,,,,,,,,,,,,,,,,,,,,,,,,,
AA3046,,,,,,,,,," @line好友留名單拿7-11咖啡，推NN(L)新興市場債，有一筆錢最多300萬，台外幣加起來，問環高收，用款項，若有高雄有說明會通知他
 ",,,,,,"[ECP]EC追蹤 冷冷的 
 ",,,,,,,,,,,,,,,,,,,,,,,,,,,,,,,,,,,,,
AA3048,,,,,,,,,,"LINE好友 在基富通下單 作轉申購頻凡 ,經查理同意可以給6張轉申購   還有很多朋友可以介紹
 ",,"[ECP 他本身不要   他朋友有機會 3/22回國
 ",,,,"[ECP]EC追蹤 問朋友 4/23再聯絡朋友有沒有要 
 ",,,,,,,,,,,,,,,,,,,,,,,,,,,,,,,,,,,,,
AA3050,,,,,,,,,,"LINE留資料 寄開戶 台新
 ",,,,,,,,,,,,,,,,,,,,,,,,,,,,,,,,,,,,,,,,,,,
AA3052,,,,,,,,,,"LINE好友/基富通/ 推環球有機會 有說RSP 0有中
 ",,"[ECP]有機會 講很久  有心動 中國  /在基富通下單筆一次最近不敢買
 ",,,,,,,,,"[ECP]追開戶擔心美股會下修.
 ",,,,,,,,,,,,,,,,,,,,,,,,,,,,,,,,
AA3053,,,,,,,,,,"LINE 好友 都買富克林基金/ 可接受開戶
 ",,,,,,,,,,,,,,,,,,,,,,,,,,,,,,,,,,,,,,,,,,,
AA3055,,,,,,,,,,"line好友 只作股票 
 ",,,,,,,,,,,,,,,,,,,,,,,,,,,,,,,,,,,,,,,,,,,
AA3056,,,,,,,,,,"line好友 沒錢 但有小美金
 ",,,,,,,,,,,,,,,,,,,,,,,,,,,,,,,,,,,,,,,,,,,
AA3062,,,,,,,,,,,"抽紅包 e回覆 IDRIS13:49 
 ",,,,,,,,,,,,,,,,,,,,,,,,,,,,,,,,,,,,,,,,,,
AA3064,,,,,,,,,,,,,,,"[ECP]請客戶下午1點半後再來現場
 ",,,,,,,,,,,,,,,,,,,,,,,,,,,,,,,,,,,,,,
AA3070,,,,,,,,,,,,"LINE加好友 會自行上網填開戶 共4戶 (2位未成年)
 確認客戶是否已上網輸入開戶文件 客戶說下週三會完成 再去電確認
 ",,,,,,,,,,,,,,,,,,,,,,,,,,,,,,,,,,,,,,,,,
AA3075,,,,,,,,,,,,"沒興趣，也沒做基金，覺得基金公司不應該收管理費，不是手續費  @line好友留名單拿7-11咖啡
 ",,,,,,,,,,,,,,,,,,,,,,,,,,,,,,,,,,,,,,,,,
AA3076,,,,,,,,,,,," @line好友留名單拿7-11咖啡 沒興趣，都是先生在弄，也不想了解，也不想給先生的資料，說他很忙，不想接到電話
 ",,,,,,,,,,,,,,,,,,,,,,,,,,,,,,,,,,,,,,,,,
AA3077,,,,,,,,,,,," @line好友留名單拿7-11咖啡
 ",,,,,,,,,,,,,,,,,,,,,,,,,,,,,,,,,,,,,,,,,
AA3078,,,,,,,,,,,,,"[ECP]確認開戶文件是否有收到 客戶說已拿給女兒 有需要會再跟我聯繫
確認開戶文件是否有收到 客戶說已拿給女兒 有需要會再跟我聯繫
 ",,,,,,,,,,,,,,,,,,,,,,,,,,,,,,,,,,,,,,,,
AA3085,,,,,,,,,,,,,"來電詢價E科技買1000萬手續費是多少,PASS M 
 ",,,,,,,,,,,,,,,,,,,,,,,,,,,,,,,,,,,,,,,,
AA3086,,,,,,,,,,,,,"email已寄出，假日再找時間看
 ",,,,,,,,,,,,,,,,,,,,,,,,,,,,,,,,,,,,,,,,
AA3104,,,,,,,,,,,,,,"朋友 82404林X嬌 台新 轉介580  
 ","Idris轉介 82404林O嬌朋友
 ",,,,,,,,,,,,,,,,,,,,,,,,,,,,,,,,,,,,,,
AA3119,,,,,,,,,,,,,,,"線上開戶，有人民幣放定存，要問家人 ，想買中國，家庭戶有二個想開，推荷寶中國/中國機會，有富邦台外幣
 ",,,,,,"[ECP]在忙，先這樣，改天在說
 ",,,,,,,,,,,,,,,,,,,,,,,,,,,,,,,,
AA3121,,,,,,,,,,,,,,,,,,,,,,,,,,,,,,,"媽媽想逼女兒RSP
 ",,,,,,,,,,,,,,,,,,,,,,
AA3127,,,,,,,,,,,,,,,,,,,"[ECP]客戶說最近忙 會再撥空寄回
 ",,,,,,,,,,,,,,,,,,,,,,,,,,,,,,,,,,
AA3137,,,,,,,,,,,,,,,,,"請客戶線上5月壽星要買天達 轉介208 
5月壽星 要買天達 轉介208  
 ",,,,,,,,,,,,,,,,,,,,,,,,,,,,,,,,,,,,
AA3139,,,,,,,,,,,,,,,,,"178683 林O山 家庭戶推EC，富邦台外幣,文件寄給先生
 ",,,,,,,,,,,,,,,,,,,,,,,,,,,,,,,,,,,,
AA3159,,,,,,,,,,,,,,,,,,"寄表單,銀行有瑞興,國泰,兆豐...(小孩舊戶,但人在國外,以後想要以自己名義開戶申購)PASS C
 ","[ECP]表單已收到,沒空填
 ",,,,,,,,,,,,,,,,,,,,,,,,,,,,,,,,,,
AA3167,"[ECP] IPO 忙 先MAIL
 ",,,,,,,,,,,,,,,"[ECP]來不及取消當日的交易,被扣120元美金,客戶說再補一些紅利點數給他就好.
 ",,,,,,,"[ECP]債市沒興趣  但還是可以寄IPO
 ",,,,,,,,,,,,,,,,,,,,,,,,,,,,,,
AA3170,,,,,,,,,,,,,,,,,,,,"謝O慧介紹，中信，單筆，寄書面至通訊，績極
 ","[ECP]地址沒錯,但還沒確認是否有收到表單,今天回家再看看
 [ECP]已收到，上班比較忙，假日再填寫，會寄回
 ",,,,"下週一會去開一銀外幣，再填開戶寄回，推Q2，請客戶把外幣款項空白影印再填寫
 ",,,,,,,,,,,,,,,,,,,,,,,,,,,,
AA3171,,,,,,,,,,,,,,,,,,,,"李O珍102666介紹 寄開戶 款二 先推環球
 ",,"[ECP]還在考慮是否要開戶,意願不大
 ",,,,,,,,,,,,,,,,,,,,,,,,,,,,,,,
AA3172,,,,,,,,,,,,,,,,,,,,,"[ECP]明天寄線填表單,掛號
 ",,,,,,,,,,,,,,,,,,,,,,,,,,,,,,,,
AA3175,,,,,,,,,,,,,,,,,,,,,"繼承辦理，爸爸已往生，先寄送結存證明 
 ",,,,,,,,,,,,,,,,,,,,,,,,,,,,,,,,
AA3176,,,,,,,,,,,,,,,,,,,,,"太太在彰銀及富邦買很多新興高組合, 現在要用自己的來電 人民幣及 台幣 要再1-2個月 保險解約才會買 推亞債
 ",,,,,"[ECP]在大陸
 ",,,,"[ECP錢都在大陸 等升值再換美元 
 ",,,"會寄回 要6% 推亞債  台幣
 ","[ECP]開戶ec追蹤 心情不好 說投資在我們家都虧錢 晚點再說 暫不考慮開戶 
 ","[ECP]抱怨在銀行買 新興只賺2%  真差  說明市場 推亞債  再想想
 ",,,,,,,,,,,,,,,,,,
AA3177,,,,,,,,,,,,,,,,,,,,,,,,,,,,"[ECP] 7/9 11:09手機本人，推說上班都沒空，下班也沒空，僅簡單說明市場概況，欲說明中國境內債，客戶就推說再看看，應無申購意願
 ",,,,,,,,,,,,,,,,,,"[ECP] 手機本人，聽到野村就說在開會，逕行掛電，目前無RSP，無法溝通ROBO
 ",,,,,,,
AA3180,,,,,,,,,,,,,,,,,,,,,,"Money 電子報訂閱名單,同意寄開戶表單
 ",,,,,,,,,,,,,,,,,,,,,,,,,,,,,,"[ECP]推亞債，20萬台幣
投資金額 NTD20M, 推亞債，元大或中信來扣款，全國性及款項都附給他，工作上不定期要出國，明年1月目前還沒有要出國，推Robo也一併附給他
 ",
AA3184,,,,,,,,,,,,,,,,,,,,,,"Money 電子報訂閱名單
 ",,"[ECP]瞭解是否收到表單,沒空看 
 ",,,,,,,,,,,,,,,,,,,,,,,,,,,,,
AA3185,,,,,,,,,,,,,,,,,,,,,,"Money 電子報訂閱名單
 ",,,,,,,,,,,,,,,,,,,,,,,,,,,,,,,
AA3186,,,,,,,,,,,,,,,,,,,,,,"Money 電子報訂閱名單.,會自行上網,若要開戶,自行線上填寫
 ",,,,,,,,,,,,,,,,,,,,,,,,,,,,,,,
AA3188,,,,,,,,,,,,,,,,,,,,,,"請客戶開戶找我
 ",,,,,,,,,,,,,,,,,,,,,,,,,,,,,,,
AA3189,,,,,,,,,,,,,,,,,,,,,,,"[ECP]電確,繼承開戶電確
 ",,,,,,,,,,,,,,,,,,,,,,,,,,,,,,
AA3190,,,,,,,,,,,,,,,,,,,,,,"Money名單分配 太太接聽 似乎有興趣 中信
 ",,,"[ECP]專刊已收到 開戶再看看 
 [ECP]EC追蹤 婉拒 
 ",,,,,,,,,,,,,,,,,,,,,,,,,,,,
AA3192,,,,,,,,,,,,,,,,,,,,,,"玉山 Money名單分配
 ",,,,,,,,,,,,,,,,,,,,,,,,,,,,,,,
AA3194,,,,,,,,,,,,,,,,,,,,,,"台新扣 轉介559
 ",,,"[ECP]EC追蹤 婉拒 
 ",,,,,,,,,,,,,,,,,,,,,,,,,,,,
AA3195,,,,,,,,,,,,,,,,,,,,,,"Money 電子報訂閱名單,寄送退休專刊,寄
 ",,,,,,,,,,,,,,,,,,,,,,,,,,,,,,,
AA3196,,,,,,,,,,,,,,,,,,,,,,"318473李韋廷親友 寄開戶 款二 華銀
 ",,,,,,,,,,,,,,,,,,,,,,,,,,,,,,,
AA3197,,,,,,,,,,,,,,,,,,,,,,"Money 電子報訂閱名單,寄送退休專刊
 ",,,,,,,,,,,,,,,,,,,,,,,,,,,,,,,
AA3198,,,,,,,,,,,,,,,,,,,,,,"Money 電子報訂閱名單,寄送退休專刊,參考看看
 ",,,,,,,,,,,,,,,,,,,,,,,,,,,,,,,
AA3199,,,,,,,,,,,,,,,,,,,,,,"Money名單分配 中信
 ",,,,,,,,,,,,,,,,,,,,,,,,,,,,,,,
AA3200,,,,,,,,,,,,,,,,,,,,,,"Money名單分配 中信
 ",,,,,,,,,,,,,,,,,,,,,,,,,,,,,,,
AA3201,,,,,,,,,,,,,,,,,,,,,,"Money 電子報訂閱名單,寄送退休專刊,可寄,但目前沒錢運用,施宜佐同戶,寄一本即可
 ",,,,,,,,,,,,,,,,,,,,,,,,,,,,,,,
AA3202,,,,,,,,,,,,,,,,,,,,,,"Money 電子報訂閱名單,寄送退休專刊
 ",,,,,,,,,,,,,,,,,,,,,,,,,,,,,,,
AA3203,,,,,,,,,,,,,,,,,,,,,,"Money名單分配 新光
 ",,,,"EC追蹤 有收到 還沒看
 ",,,,,,,,,,,,,,,,,,,,,,,,,,,
AA3204,,,,,,,,,,,,,,,,,,,,,,"Money名單分配 口氣冷淡 寄境內
 ",,,,,,,,,,,,,,,,,,,,,,,,,,,,,,,
AA3205,,,,,,,,,,,,,,,,,,,,,,"聯絡上了，有興趣基金投資，上班時間不方便聊，約晚上5:30-6:00
 ",,,,,,,,,,,,,,,,,,,,,,,,,,,,,,,
AA3206,,,,,,,,,,,,,,,,,,,,,,,,,,"[ECP]EC追蹤 有收到退休專刊  再參考 
 ",,,,,,,,,,,,,,,,,,,,,,,,,,,
AA3207,,,,,,,,,,,,,,,,,,,,,,"Money名單分配 玉山 K
 ",,,,"[ECP]EC追蹤 有收到退休專刊  再參考 
 ",,,,,,,,,,,,,,,,,,,,,,,,,,,
AA3208,,,,,,,,,,,,,,,,,,,,,,,,,,"[ECP]EC追蹤 婉拒 
 ",,,,,,,,,,,,,,,,,,,,,,,,,,,
AA3209,,,,,,,,,,,,,,,,,,,,,,"Money 電子報訂閱名單,寄送退休專刊,寄全及款
 ",,,,,,,,,,,,,,,,,,,,,,,,,,,,,,,
AA3210,,,,,,,,,,,,,,,,,,,,,,"Money名單分配 一銀
 ",,,,"[ECP]EC追蹤 婉拒 
[ECP]EC追蹤 婉拒 
 ",,,,,,,,,,,,,,,,,,,,,,,,,,,
AA3211,,,,,,,,,,,,,,,,,,,,,,"Money名單分配 玉山
 ",,,,,,,,,,,,,,,,,,,,,,,,,,,,,"[ECP]活動Mail
 ",,
AA3212,,,,,,,,,,,,,,,,,,,,,,"Money名單分配 中信
 ",,,,,,,,,,,,,,,,,,,,,,,,,,,,,,,
AA3213,,,,,,,,,,,,,,,,,,,,,,"Money 電子報訂閱名單,寄送退休專刊,拒絕收專刊,會自己上網看, 對於6月底完成開送投信單筆零優惠券,,什麼興趣
 ",,,,,,,,,,,,,,,,,,,,,,,,,,,,,,,
AA3214,,,,,,,,,,,,,,,,,,,,,,"Money名單分配 一銀
 ",,,,"[ECP]ec追蹤 冷漠 專刊不曉得有沒有拿到 要問家人 
 ",,,,,,,,,,,,,,,,,,,,,,,,,,,
AA3215,,,,,,,,,,,,,,,,,,,,,,"Money名單分配 渣打
 ",,,,,,,,,,,,,,,,,,,,,,,,,,,,,,,
AA3216,,,,,,,,,,,,,,,,,,,,,,"Money 電子報訂閱名單,寄送退休專刊,寄
 ",,,,,,,,,,,,,,,,,,,,,,,,,,,,,,,
AA3217,,,,,,,,,,,,,,,,,,,,,,"Money 電子報訂閱名單,寄送退休專刊,什麼興趣,但同意寄,參考看看
 ",,,,,,,,,,,,,,,,,,,,,,,,,,,,,,,
AA3218,,,,,,,,,,,,,,,,,,,,,,"Money 電子報訂閱名單,寄送退休專刊,寄
 ",,,,,,,,,,,,,,,,,,,,,,,,,,,,,,,
AA3219,,,,,,,,,,,,,,,,,,,,,,"Money 電子報訂閱名單,寄送退休專刊.,軍公教,同意寄參考
 ",,,,,,,,,,,,,,,,,,,,,,,,,,,,,,,
AA3220,,,,,,,,,,,,,,,,,,,,,,"Money名單分配 國泰世華
 ",,,,,,,,,,,,,,,,,,,,,,,,,,,,,,,
AA3221,,,,,,,,,,,,,,,,,,,,,,"Money名單分配 玉山台銀
 ",,,,,,,,,,,,,,,,,,,,,,,,,,,,,,,
AA3223,,,,,,,,,,,,,,,,,,,,,,"Money名單分配中信
 ",,,,"[ECP]ec追蹤 再研究一下 
 ",,,,,,,,,,,,,,,,,,,,,,,,,,,
AA3224,,,,,,,,,,,,,,,,,,,,,,"Money名單分配華南
 ",,,,,,,,,,,,,,,,,,,,,,,,,,,,,,,
AA3225,,,,,,,,,,,,,,,,,,,,,,"Money 電子報訂閱名單,寄送退休專刊,不用寄開戶,先看專刊,有需要再來索取開戶
 ",,,,,,,,,,,,,,,,,,,,,,,,,,,,,,,
AA3226,,,,,,,,,,,,,,,,,,,,,,"Money 電子報訂閱名單,寄送退休專刊,忙沒空核對地址,
 ",,,,,,,,,,,,,,,,,,,,,,,,,,,,,,,
AA3227,,,,,,,,,,,,,,,,,,,,,,"Money 電子報訂閱名單,寄送退休專刊,不用寄開戶,再看看
 ",,,,,,,,,,,,,,,,,,,,,,,,,,,,,,,
AA3228,,,,,,,,,,,,,,,,,,,,,,"Money名單分配 玉山
 ",,,,,,,,,,,,,,,,,,,,,,,,,,,,,,,
AA3229,,,,,,,,,,,,,,,,,,,,,,"Money名單分配  款台外 轉介559
轉介-idris，推Q2
 ",,,,,,,,,,,,,,,,,,,,,,,,,,,,,,,
AA3231,,,,,,,,,,,,,,,,,,,,,,"Money名單分配 中信
 ",,,,,,,,,,,,,,,,,,,,,,,,,,,,,,,
AA3232,,,,,,,,,,,,,,,,,,,,,,"Money 電子報訂閱名單,寄送退休專刊,新光或台新,同意寄表單
 ",,,,,,,,,,,,,,,,,,,,,,,,,,,,,,,
AA3233,,,,,,,,,,,,,,,,,,,,,,"Money名單分配華南
 ",,,"[ECP]ec追蹤 冷漠 
 ",,,,,,,,,,,,,,,,,,,,,,,,,,,,
AA3235,,,,,,,,,,,,,,,,,,,,,,"Money 電子報訂閱名單,寄送退休專刊,先看若要開戶再來電索取表單
 ",,,,,,,,,,,,,,,,,,,,,,,,,,,,,,,
AA3236,,,,,,,,,,,,,,,,,,,,,,"Money 電子報訂閱名單,寄送退休專刊,指扣北富邦
 ",,,,,,,,,,,,,,,,,,,,,,,,,,,,,,,
AA3237,,,,,,,,,,,,,,,,,,,,,,"Money名單分配 渣打
 ",,,,,,,,,,,,,,,,,,,,,,,,,,,,,,,
AA3238,,,,,,,,,,,,,,,,,,,,,,"Money名單分配 中信
 ",,,,,,,,,,,,,,,,,,,,,,,,,,,,,,,
AA3241,,,,,,,,,,,,,,,,,,,,,,"Money 電子報訂閱名單,寄送退休專刊,只有郵局,沒有銀行
 ",,,,,,,,,,,,,,,,,,,,,,,,,,,,,,,
AA3242,,,,,,,,,,,,,,,,,,,,,,"Money名單分配 中信
 ",,,,,,,,,,,,,,,,,,,,,,,,,,,,,,,
AA3243,,,,,,,,,,,,,,,,,,,,,,"Money名單分配 玉山
 ",,,,,,,,,,,,,,,,,,,,,,,,,,,,,,,
AA3246,,,,,,,,,,,,,,,,,,,,,,"Money 電子報訂閱名單,寄送退休專刊.,台企
 ",,,,,,,,,,,,,,,,,,,,,,,,,,,,,,,
AA3248,,,,,,,,,,,,,,,,,,,,,,"Money名單分配 一銀
 ",,,,,,,,,,,,,,,,,,,,,,,,,,,,,,,
AA3249,,,,,,,,,,,,,,,,,,,,,,"Money名單分配 日盛
 ",,,,"[ECP]EC追蹤 婉拒 
 ",,,,,,,,,,,,,,,,,,,,,,,,,,,
AA3250,,,,,,,,,,,,,,,,,,,,,,"Money名單分配 中信
 ",,,,,,,,,,,,,,,,,,,,,,,,,,,,,,,
AA3254,,,,,,,,,,,,,,,,,,,,,,"Money名單分配 聯邦
 ",,,"[ECP]ec追蹤 要再研究看看 
 ",,,,,,,,,,,,,,,,,,,,,,,,,,,,
AA3257,,,,,,,,,,,,,,,,,,,,,,"Money名單分配 合庫
 ",,,"[ECP]ec追蹤 OK 
 ",,,,,,,,,,,,,,,,,,,,,,,,,,,,
AA3258,,,,,,,,,,,,,,,,,,,,,,"Money名單分配 台新
 ",,,,"[ECP]ec追蹤 要再研究看看 有需要會再來電 
 ",,,,,,,,,,,,,,,,,,,,,,,,,,,
AA3260,,,,,,,,,,,,,,,,,,,,,,"Money名單分配 一銀
 ",,,,,,,,,,,,,,,,,,,,,,,,,,,,,,,
AA3262,,,,,,,,,,,,,,,,,,,,,,"Money名單分配中信
 ",,,,,,,,,,,,,,,,,,,,,,,,,,,,,,,
AA3263,,,,,,,,,,,,,,,,,,,,,,"Money名單分配  中信
 ",,,,"[ECP]ec追蹤 善良 沒拒絕 也沒熱情 
 ",,,,,,,,,,,,,,,,,,,,,,,,,,,
AA3265,,,,,,,,,,,,,,,,,,,,,,,"沒看到優惠方案?？ E回覆 idris13:32
 ",,,,,,,,,,,,,,,,,,,,,,,,,,,,,,
AA3267,,,,,,,,,,,,,,,,,,,,,,,"Money名單分配 永豐
 ",,,,,,,,,,,,,,,,,,,,,,,,,,,,,,
AA3269,,,,,,,,,,,,,,,,,,,,,,,"Money名單分配  中信
 ",,,,,,,,,,,,,,,,,,,,,,,,,,,,,,
AA3270,,,,,,,,,,,,,,,,,,,,,,,"Money名單分配 開會中 晚點打
 ",,,,,,,,,,,,,,,,,,,,,,,,,,,,,,
AA3271,,,,,,,,,,,,,,,,,,,,,,,"Money名單分配 富邦
 ",,,,,,,,,,,,,,,,,,,,,,,,,,,,,,
AA3272,,,,,,,,,,,,,,,,,,,,,,,"Money名單分配 富邦
 ",,,,,,,,,,,,,,,,,,,,,,,,,,,,,,
AA3278,,,,,,,,,,,,,,,,,,,,,,,"Money名單分配 玉山或大眾
 ",,,,,,,,,,,,,,,,,,,,,,,,,,,,,,
AA3281,,,,,,,,,,,,,,,,,,,,,,,"Money名單分配 國泰
 ",,,"[ECP]ec追蹤 善良  Q3再聯絡
 ",,,,,,,,,,,,,,,,,,,,,,,,,,,
AA3283,,,,,,,,,,,,,,,,,,,,,,,"Money名單分配 國泰
 ",,,,,,,,,,,,,,,,,,,,,,,,,,,,,,
AA3284,,,,,,,,,,,,,,,,,,,,,,,,,"[ECP]電確.
 ",,,,,,,,,,,,,,,,,,,,,,,,,,,,
AA3285,,,,,,,,,,,,,,,,,,,,,,,"Money名單分配 中信
 ",,,,,,,,,,,,,,,,,,,,,,,,,,,,,,
AA3286,,,,,,,,,,,,,,,,,,,,,,,"Money名單分配華南
 ",,,,,,,,,,,,,,,,,,,,,,,,,,,,,,
AA3291,,,,,,,,,,,,,,,,,,,,,,,"Money名單分配 土銀或元大
 ",,,,,,,,,,,,,,,,,,,,,,,,,,,,,,
AA3300,,,,,,,,,,,,,,,,,,,,,,,"Money名單分配 玉山
 ",,,,,,,,,,,,,,,,,,,,,,,,,,,,,,
AA3301,,,,,,,,,,,,,,,,,,,,,,,"Money 電子報訂閱名單,寄送退休專刊,中國信託,有在王道銀行交易,所下的投組只有野村投信的有賺錢,開戶機率高PASS K
 ","[ECP]follow 沒空填寫
 ","Tina轉介
 ",,,,,,,,,,,,,,,,,,,,,,,,,,,,
AA3302,,,,,,,,,,,,,,,,,,,,,,,"Money 電子報訂閱名單,寄送退休專刊,華南台幣,不願告知全名
 ",,,,,,,,,,,,,,,,,,,,,,,,,,,,,,
AA3303,,,,,,,,,,,,,,,,,,,,,,,"Money 電子報訂閱名單,寄送退休專刊,同意寄表單參考  
 ","[ECP]沒空看
 ",,,,,,,,,,,,,,,,,,,,,,,,,,,,,
AA3304,,,,,,,,,,,,,,,,,,,,,,,"又來問NNL亞洲收益 
 ",,,,,,,,,,,,,,,,,,,,,,,,,,,,,,
AA3305,,,,,,,,,,,,,,,,,,,,,,,"Money 電子報訂閱名單,寄送退休專刊,台新
 ",,,,"[ECP]follow,最近沒空,先保留優惠至7月中
 ",,,,,,,,,,,,,,,,,,,,,,,,,,
AA3306,,,,,,,,,,,,,,,,,,,,,,,"Money 電子報訂閱名單,寄送退休專刊,同意寄開戶表單,開場時有?疑為何有電話
 ","[ECP]follow,沒空聽,也不會開戶
 ",,,,,,,,,,,,,,,,,,,,,,,,,,,,,
AA3307,,,,,,,,,,,,,,,,,,,,,,,"Money名單分配 中信
 ",,,"EC追蹤 有收到 還沒看
 ",,,,,,,,,,,,,,,,,,,,,,,,,,,
AA3308,,,,,,,,,,,,,,,,,,,,,,,"Money 電子報訂閱名單,寄送退休專刊,中國信託台外幣都有PASS K
 ",,"Tina轉介
 ",,,,,,,,,,,,,,,,,,,,,,,,,,,,
AA3309,,,,,,,,,,,,,,,,,,,,,,,"Money名單分配 中信
 ",,,,,,,,,,,,,,,,,,,,,,,,,,,,,,
AA3310,,,,,,,,,,,,,,,,,,,,,,,"Money 電子報訂閱名單,寄送退休專刊,聯邦銀
 ","[ECP] 沒打開信封看內容,沒什意願
 ",,,,,,,,,,,,,,,,,,,,,,,,,,,,,
AA3311,,,,,,,,,,,,,,,,,,,,,,,"Money名單分配 金融業  語氣不耐煩  僅寄雜誌
 ",,,,,,,,,,,,,,,,,,,,,,,,,,,,,,
AA3312,,,,,,,,,,,,"[ECP]要穩健 推亞高/ N新債 有機會 要消化
 [ECP]以債買股RSP 環球
 ",,,,,,,"[ECP]電確客戶勾錯，應為100萬以下，已重KYC 
 ",,,,,"[ECP]中債IPO 有機會 RSP 中機會   要MAIL
 ",,,,,,,,,,,,,,,,,,,,,,,,,"[ECP]有買富克林AI  ROBO1
[ECP]要求 再平衡  是用報酬率 去算偏離率 
 ",,,,
AA3313,,,,,,,,,,,,,,,,,,,,,,,"Money名單分配   中信或國泰世華
 ",,"[ECP]EC追蹤 言詞閃爍 裝忙
 ","[ECP]ec追蹤 再研究一下 
 ",,,,,,,,,,,,,,,,,,,,,,,,,,,
AA3314,,,,,,,,,,,,,,,,,,,,,,,"Money 電子報訂閱名單,寄送退休專刊,玉山
 ",,,,,,,,,,,,,,,,,,,,,,,,,,,,,,
AA3315,,,,,,,,,,,,,,,,,,,,,,,"Money名單分配  國泰世華
 ",,,,,,,,,,,,,,,,,,,,,,,,,,,,,,
AA3316,,,,,,,,,,,,,,,,,,,,,,,"Money名單分配 永鋒
 ",,"[ECP]ec追蹤 冷漠 專刊不曉得有沒有拿到 要問家人
 ",,,,,,,,,,,,,,,,,,,,,,,,,,,,
AA3317,,,,,,,,,,,,,,,,,,,,,,,"Money 電子報訂閱名單,寄送退休專刊,一銀
 ","[ECP]說沒收到專刊,請客戶再確認看看
 ",,,,,,,,,,,,,,,,,,,,,,,,,,,,,
AA3318,,,,,,,,,,,,,,,,,,,,,,,"Money名單分配  合庫
 ",,"[ECP]ec追蹤 冷漠 
 ",,,,,,,,,,,,,,,,,,,,,,,,,,,,
AA3319,,,,,,,,,,,,,,,,,,,,,,,,,"[ECP]沒寫英文名字,客戶說那就不要辦境外EC,拜託客戶補個護照影本或信用卡可佐證英文名字,提供客服信箱讓客戶傳送
 ",,,,,,,,,,,,,,,,,,,,,,,,,,,,
AA3320,,,,,,,,,,,,,,,,,,,,,,,"Money 電子報訂閱名單,寄送退休專刊,在鉅亨網有開戶
 ",,,,,,,,,,,,,,,,,,,,,,,,,,,,,,
AA3326,,,,,,,,,,,,,,,,,,,,,,,"Money名單分配國泰世華
 ",,"[ECP]ec追蹤 再研究一下 
 ",,,,,,,,,,,,,,,,,,,,,,,,,,,,
AA3328,,,,,,,,,,,,,,,,,,,,,,,"Money 電子報訂閱名單,寄送退休專刊,台企
 ",,,,,,,,,,,,,,,,,,,,,,,,,,,,,,
AA3329,,,,,,,,,,,,,,,,,,,,,,,"Money名單分配凱基
 ",,"[ECP]ec追蹤 再研究一下 
 ",,,,,,,,,,,,,,,,,,,,,,,,,,,,
AA3331,,,,,,,,,,,,,,,,,,,,,,,"Money 電子報訂閱名單,寄送退休專刊,寄專刊即可
 ",,,,,,,,,,,,,,,,,,,,,,,,,,,,,,
AA3332,,,,,,,,,,,,,,,,,,,,,,,"退休專刊.
 ",,,,,,,,,,,,,,,,,,,,,,,,,,,,,,
AA3336,,,,,,,,,,,,,,,,,,,,,,,"Money 電子報訂閱名單,寄送退休專刊,看表單再決定銀行
 ","[ECP]follow 名單,有在銀行買,問和銀行差異及手續費,會再想想是不是要寄回,指扣為台企, 請客戶指扣填表三,表四,表六, PASS C
[ECP]要穩  IPO 中債會參考 已MAIL 好好 會再看 
 ","已mail 中債 
 ","[ECP]下週會寄回
 ","[ECP]白天不方便接  請晚上打  
 [ECP]下周打
 ",,,,,,,,,,,,,,,,,,,,,,,,,,
AA3337,,,,,,,,,,,,,,,,,,,,,,,"Money名單分配  國泰世華
 ",,"[ECP]ec追蹤 客要求晚點再撥 
 ",,,,,,,,,,,,,,,,,,,,,,,,,,,,
AA3339,,,,,,,,,,,,,,,,,,,,,,,,,"[ECP]電確,大二生,娘318284,家庭戶
 ",,,,,,,,,,,,,,,,,,,,,,,,,,,,
AA3348,,,,,,,,,,,,,,,,,,,,,,,"退休專刊.
 ",,,,,,,,,,,,,,,,,,,,,,,,,,,,,,
AA3350,,,,,,,,,,,,,,,,,,,,,,,"退休專刊.
 ",,,,,,,,,,,,,,,,,,,,,,,,,,,,,,
AA3351,,,,,,,,,,,,,,,,,,,,,,,"退休專刊.
 ",,,,,,,,,,,,,,,,,,,,,,,,,,,,,,
AA3352,,,,,,,,,,,,,,,,,,,,,,,"退休專刊,手機是女兒的.
 ",,,,,,,,,,,,,,,,,,,,,,,,,,,,,,
AA3355,,,,,,,,,,,,,,,,,,,,,,,,,,"[ECP]電確,OK
 ",,,,,,,,,,,,,,,,,,,,,,,,,,,
AA3357,,,,,,,,,,,,,,,,,,,,,,,"Money 電子報訂閱名單,寄送退休專刊,拒收雜誌
 ",,,,,,,,,,,,,,,,,,,,,,,,,,,,,,
AA3358,,,,,,,,,,,,,,,,,,,,,,,"Money 電子報訂閱名單,寄送退休專刊,同意寄表單,但很急著想掛斷
 ",,"[ECP]沒注意是否有收到,,回家後再看看,
 ",,"[ECP]7/04明天去電確認是否有收到專刊,地址無誤
 ",,,,,,,,,,,,,,,,,,,,,,,,,,
AA3359,,,,,,,,,,,,,,,,,,,,,,,"Money 電子報訂閱名單,寄送退休專刊,銀行有兆豐,台新(買基金用),永大(買股票用)
 ",,"[ECP]6/19還沒收到,沒空看信箱,有可能學校信箱工務尚未發信
 ",,,,,,,,,,,,,,,,,,,,,,,,,,,,
AA3360,,,,,,,,,,,,,,,,,,,,,,,"退休專刊
 ",,,,,,,,,,,,,,,,,,,,,,,,,,,,,,
AA3362,,,,,,,,,,,,,,,,,,,,,,,"Money名單分配 國泰世華
 ",,"[ECP]ec追蹤 冷漠 
 ",,,,,,,,,,,,,,,,,,,,,,,,,,,,
AA3363,,,,,,,,,,,,,,,,,,,,,,,"Money名單分配 中信
 ",,"[ECP]ec追蹤 會回台中家中看
 ",,,,,,,,,,,,,,,,,,,,,,,,,,,,
AA3364,,,,,,,,,,,,,,,,,,,,,,,"Money名單分配 華南
Money名單分配 華南
 ",,,"[ECP]EC追蹤 婉拒 
 ",,,,,,,,,,,,,,,,,,,,,,,,,,,
AA3366,,,,,,,,,,,,,,,,,,,,,,,"Money名單分配 玉山
 ",,"[ECP]ec追蹤 有些敷衍 
 ",,,,,,,,,,,,,,,,,,,,,,,,,,,,
AA3367,,,,,,,,,,,,,,,,,,,,,,,"Money名單分配 580 華南 客在農會上班 要存私房錢
Idris轉介
 ",,"去電確認客戶有無需協助 客戶說最近高雄大雨 會再撥空儘快處理
 ",,,,"[ECP]退休專刊EC追蹤 會去高雄分公司現場
 ",,,,,,,,,,,,,,,,,,,,,,,,
AA3368,,,,,,,,,,,,,,,,,,,,,,,,,,"[ECP]客戶要再考慮看看.
 ",,,,,,,,,,,,,,,,,,,,,,,,,,,
AA3369,,,,,,,,,,,,,,,,,,,,,,,"Money名單分配 台銀
 ",,,,,,,,,,,,,,,,,,,,,,,,,,,,,,
AA3373,,,,,,,,,,,,,,,,,,,,,,,,,,"[ECP]什麼興趣.
 ",,,,,,,,,,,,,,,,,,,,,,,,,,,
AA3374,,,,,,,,,,,,,,,,,,,,,,,"Money名單分配 富邦業務
 ",,,,,,,,,,,,,,,,,,,,,,,,,,,,,,
AA3375,,,,,,,,,,,,,,,,,,,,,,,,,,"[ECP]追開戶.
 ",,,,,,,,,,,,,,,,,,,,,,,,,,,
AA3377,,,,,,,,,,,,,,,,,,,,,,,"Money 電子報訂閱名單,寄送退休專刊,永豐或013
 ",,"[ECP]專刊有收到,有需要會再來電
 ",,,,,,,,,,,,,,,,,,,,,,,,,,,,
AA3378,,,,,,,,,,,,,,,,,,,,,,,"Money 電子報訂閱名單,寄送退休專刊,台銀
 ",,"[ECP]收到專刊了,不確要不要開戶,隔幾天再去電問
 ",,,,,,,,,,,,,,,,,,,,,,,,,,,,
AA3379,,,,,,,,,,,,,,,,,,,,,,,,,,"[ECP]追開戶.
 ",,,,,,,,,,,,,,,,,,,,,,,,,,,
AA3381,,,,,,,,,,,,,,,,,,,,,,,"Money 電子報訂閱名單,寄送退休專刊,彰銀
 ",,,,,,,,,,,,,,,,,,,,,,,,,,,,,,
AA3382,,,,,,,,,,,,,,,,,,,,,,,,,,"[ECP]追開戶.
 ",,,,,,,,,,,,,,,,,,,,,,,,,,,
AA3384,,,,,,,,,,,,,,,,,,,,,,,,,,"[ECP]參考看看!
 ",,,,,,,,,,,,,,,,,,,,,,,,,,,
AA3385,,,,,,,,,,,,,,,,,,,,,,,,,,"[ECP]再看看.
 ",,,,,,,,,,,,,,,,,,,,,,,,,,,
AA3387,,,,,,,,,,,,,,,,,,,,,,,"Money 電子報訂閱名單,寄送退休專刊
 ",,,,,,,,,,,,,,,,,,,,,,,,,,,,,,
AA3389,,,,,,,,,,,,,,,,,,,,,,,,,,"[ECP]興趣.
 ",,,,,,,,,,,,,,,,,,,,,,,,,,,
AA3390,,,,,,,,,,,,,,,,,,,,,,,"寄推薦的基金.
 ",,,,,,,,,,,,,,,,,,,,,,,,,,,,,,
AA3392,,,,,,,,,,,,,,,,,,,,,,,"Money 電子報訂閱名單,寄送退休專刊,反應冷,,會透過銀行下單,但還是只想看看
 ",,,,"[ECP]沒意願,follow money開戶
 ",,,,,,,,,,,,,,,,,,,,,,,,,,
AA3394,,,,,,,,,,,,,,,,,,,,,,,,"Money 電子報訂閱名單,寄送退休專刊,先看看再說
 ",,,,,,,,,,,,,,,,,,,,,,,,,,,,,
AA3395,,,,,,,,,,,,,,,,,,,,,,,,"Money 電子報訂閱名單,寄送退休專刊,先看看再說
 ",,,,,,,,,,,,,,,,,,,,,,,,,,,,,
AA3397,,,,,,,,,,,,,,,,,,,,,,,,"Money 電子報訂閱名單,寄送退休專刊,華南
 ","[ECP]money follow ,6/20不開戶 
 ",,,,,,,,,,,,,,,,,,,,,,,,,,,,
AA3398,,,,,,,,,,,,,,,,,,,,,,,,,,"[ECP]客戶再參考看看.
 ",,,,,,,,,,,,,,,,,,,,,,,,,,,
AA3400,,,,,,,,,,,,,,,,,,,,,,,,"Money 電子報訂閱名單,寄送退休專刊,拒收專刊
 ",,,,,,,,,,,,,,,,,,,,,,,,,,,,,
AA3402,,,,,,,,,,,,,,,,,,,,,,,,"Money 電子報訂閱名單,寄送退休專刊,台新或新光,,先看看內容再決定是要用那一家銀行,表單都寄
 ","[ECP]money follow ,不開,暫無資金投資,有需要會再主動來電 
 ",,,,,,,,,,,,,,,,,,,,,,,,,,,,
AA3404,,,,,,,,,,,,,,,,,,,,,,,,"Money 電子報訂閱名單,寄送退休專刊,主要以投資股票為主,沒買過基金,但有朋友之前有買雷曼債, 所以對基金沒有好印象,永豐銀有推薦過公司債券配息的產品,所以有聽過野村投信,可能採永豐銀為指扣
 ","[ECP]money follow  ,還沒研究公司基金內容,可先保留加贈單筆零優惠券(6月底前完成開戶加贈野村投信單筆零優惠券) PASS M
轉介-tina，推Q2
 ",,"[ECP]想要網路上填寫開戶資料，寄email請客戶上網填，需要請我們列印寄給她再和我們說
 ",,,"[ECP]推Q3
客戶是做網拍，現在沒有心思想投資，推Q3，請客戶盡快上網填開戶資料先寄回，推環球
 ",,,,,,,,,,,,,,,,,,,,,,,
AA3407,,,,,,,,,,,,,,,,,,,,,,,,,,"[ECP]再看看!
 ",,,,,,,,,,,,,,,,,,,,,,,,,,,
AA3408,,,,,,,,,,,,,,,,,,,,,,,,"Money 電子報訂閱名單,寄送退休專刊,不收雜誌
 ",,,,,,,,,,,,,,,,,,,,,,,,,,,,,
AA3409,,,,,,,,,,,,,,,,,,,,,,,,,"[ECP]電確.
 ",,,,,,,,,,,,,,,,,,,,,,,,,,,,
AA3410,,,,,,,,,,,,,,,,,,,,,,,,"Money 電子報訂閱名單,寄送退休專刊,全及款都寄
 ","[ECP]money follow ,不開戶
 ",,,,,,,,,,,,,,,,,,,,,,,,,,,,
AA3412,,,,,,,,,,,,,,,,,,,,,,,,"Money 電子報訂閱名單,寄送退休專刊,不用寄表單
 ",,,,,,,,,,,,,,,,,,,,,,,,,,,,,
AA3413,,,,,,,,,,,,,,,,,,,,,,,,"客戶的老婆在永豐金,都是透過老婆申購.
 ",,,,,,,,,,,,,,,,,,,,,,,,,,,,,
AA3414,,,,,,,,,,,,,,,,,,,,,,,,,,"[ECP]掛電話!
 ",,,,,,,,,,,,,,,,,,,,,,,,,,,
AA3415,,,,,,,,,,,,,,,,,,,,,,,,,,"[ECP]再看看!
 ",,,,,,,,,,,,,,,,,,,,,,,,,,,
AA3416,,,,,,,,,,,,,,,,,,,,,,,,"Money 電子報訂閱名單,寄送退休專刊,金融業(不寄專刊)只溝通是否要開戶, 客戶說有聽過野村投信,直接說寄mail開戶表單,PASS M
 ",,,,,,,,,,,,,,,,,,,,,,,,,,,,,
AA3419,,,,,,,,,,,,,,,,,,,,,,,,"Money 電子報訂閱名單,寄送退休專刊,再看看
 ",,,,,,,,,,,,,,,,,,,,,,,,,,,,,
AA3420,,,,,,,,,,,,,,,,,,,,,,,,"Money 電子報訂閱名單,寄送退休專刊,永豐
 ","[ECP]money follow ,不開戶,有其它家往來
 ",,,,,,,,,,,,,,,,,,,,,,,,,,,,
AA3421,,,,,,,,,,,,,,,,,,,,,,,,"Money 電子報訂閱名單,寄送退休專刊,台銀
 ","[ECP]money follow ,不開戶,態度冷.....淡
 ",,,,,,,,,,,,,,,,,,,,,,,,,,,,
AA3422,,,,,,,,,,,,,,,,,,,,,,,,"Money 電子報訂閱名單,寄送退休專刊,第一銀行
 ",,,,,,,,,,,,,,,,,,,,,,,,,,,,,
AA3423,,,,,,,,,,,,,,,,,,,,,,,,"Money 電子報訂閱名單,寄送退休專刊,有需要開戶會再來電
 ",,,,,,,,,,,,,,,,,,,,,,,,,,,,,
AA3424,,,,,,,,,,,,,,,,,,,,,,,,"Money 電子報訂閱名單,寄送退休專刊,中國信託
 ","[ECP]專刊沒收到,下週一重寄
 ","[ECP]專刊順利收到
 ",,,,,,,,,,,,,,,,,,,,,,,,,,,
AA3425,,,,,,,,,,,,,,,,,,,,,,,,"Money 退休專刊.
 ",,"[ECP]再看看!
 ",,,,,,,,,,,,,,,,,,,,,,,,,,,
AA3426,,,,,,,,,,,,,,,,,,,,,,,,"Money 電子報訂閱名單,寄送退休專刊,元大
 ","[ECP]野村投信旗下產品沒有合意要投資的,提醒客戶還有境外系列基金,,會重新看看,先保留優惠至7月中
 ",,,,,,,,,,,,,,,,,,,,,,,,,,,,
AA3427,,,,,,,,,,,,,,,,,,,,,,,,"Money名單,在銀行買我們的基金都虧.
 ",,,,,,,,,,,,,,,,,,,,,,,,,,,,,
AA3428,,,,,,,,,,,,,,,,,,,,,,,,"Money 電子報訂閱名單,寄送退休專刊,質疑為何有電話,同意寄表單,問可配合銀行時, 客戶說為何要告訴你
 ","[ECP]不開戶,很冷淡
 ",,,,,,,,,,,,,,,,,,,,,,,,,,,,
AA3429,,,,,,,,,,,,,,,,,,,,,,,,"Money名單.
 ",,,,,,,,,,,,,,,,,,,,,,,,,,,,,
AA3430,,,,,,,,,,,,,,,,,,,,,,,,"Money 電子報訂閱名單,寄送退休專刊,華銀台幣
 ","[ECP]follow,,先保留優惠至7月中,還要再看看再決定
 ",,,,,,,,,,,,,,,,,,,,,,,,,,,,
AA3432,,,,,,,,,,,,,,,,,,,,,,,,"Money 電子報訂閱名單,寄送退休專刊,不同意寄表單
 ",,,,,,,,,,,,,,,,,,,,,,,,,,,,,
AA3433,,,,,,,,,,,,,,,,,,,,,,,,"Money名單.
 ",,,,,,,,,,,,,,,,,,,,,,,,,,,,,
AA3434,,,,,,,,,,,,,,,,,,,,,,,,"Money 電子報訂閱名單,寄送退休專刊
 ",,,,,,,,,,,,,,,,,,,,,,,,,,,,,
AA3435,,,,,,,,,,,,,,,,,,,,,,,,"Money 電子報訂閱名單,寄送退休專刊,不同意寄表單
 ",,,,,,,,,,,,,,,,,,,,,,,,,,,,,
AA3438,,,,,,,,,,,,,,,,,,,,,,,,"Money 電子報訂閱名單,寄送退休專刊.有理專(銀行),不想開太多交易平台
 ",,,,,,,,,,,,,,,,,,,,,,,,,,,,,
AA3439,,,,,,,,,,,,,,,,,,,,,,,,,,"[ECP]客戶在開會.
 ",,,,,,,,,,,,,,,,,,,,,,,,,,,
AA3441,,,,,,,,,,,,,,,,,,,,,,,,"Money 電子報訂閱名單,寄送退休專刊,要開戶會自行上網填,嫌目前沒有低的市場可以買,都漲上來了,都做ETF
 ",,,,,,,,,,,,,,,,,,,,,,,,,,,,,
AA3443,,,,,,,,,,,,,,,,,,,,,,,,"Money 電子報訂閱名單,寄送退休專刊,不願給全名
 ",,,,,,,,,,,,,,,,,,,,,,,,,,,,,
AA3444,,,,,,,,,,,,,,,,,,,,,,,,"Money 電子報訂閱名單,寄送退休專刊,不願收開戶表單
 ",,,,,,,,,,,,,,,,,,,,,,,,,,,,,
AA3447,,,,,,,,,,,,,,,,,,,,,,,,"Money雜誌名單,客戶只有郵局的帳戶.
 ",,,,,,,,,,,,,,,,,,,,,,,,,,,,,
AA3451,,,,,,,,,,,,,,,,,,,,,,,,"Money 電子報訂閱名單,寄送退休專刊,國泰世華
 ",,,,,,,,,,,,,,,,,,,,,,,,,,,,,
AA3452,,,,,,,,,,,,,,,,,,,,,,,,"Money 電子報訂閱名單,寄送退休專刊,若要開戶會自行上網填寫
 ",,,,,,,,,,,,,,,,,,,,,,,,,,,,,
AA3453,,,,,,,,,,,,,,,,,,,,,,,,"客戶朋友在元大,已買基金興趣開戶.
 ",,,,,,,,,,,,,,,,,,,,,,,,,,,,,
AA3454,,,,,,,,,,,,,,,,,,,,,,,,"Money 電子報訂閱名單,寄送退休專刊,不開戶
 ",,,,,,,,,,,,,,,,,,,,,,,,,,,,,
AA3456,,,,,,,,,,,,,,,,,,,,,,,,"Money 電子報訂閱名單,寄送退休專刊,不開戶
 ",,,,,,,,,,,,,,,,,,,,,,,,,,,,,
AA3457,,,,,,,,,,,,,,,,,,,,,,,,"Money 電子報訂閱名單,寄送退休專刊,有需要會來電要開戶
 ",,,,,,,,,,,,,,,,,,,,,,,,,,,,,
AA3458,,,,,,,,,,,,,,,,,,,,,,,,"Money 電子報訂閱名單,寄送退休專刊,聽到要寄送表單就掛電,再去電就拒聽,都還沒對地址 
 ",,,,,,,,,,,,,,,,,,,,,,,,,,,,,
AA3460,,,,,,,,,,,,,,,,,,,,,,,,"Money 電子報訂閱名單,寄送退休專刊,不要開戶
 ",,,,,,,,,,,,,,,,,,,,,,,,,,,,,
AA3474,,,,,,,,,,,,,,,,,,,,,,,,,,"[ECP] 限時退還 P1-英文姓名 P3-小朋友雙證件 P9-資料未填齊 P6-適性上10 
 ",,,"推境外.
 ","[ECP]覺得股市太高，貿易戰太波動，推Q3，推環球
 ",,"[ECP]追件.
 ",,,,"[ECP]追件,客戶表示收到,需重寄.
 ",,,,,,,,,,,,,,,,,
AA3476,,,,,,,,,,,,,,,,,,,,,,,,"182313 鄭O崴 家庭戶 台北富邦一本萬利，兒子想要先買回，推EC，可能會來現場，來現場不用找我，會有服務專員協助開戶
 ",,,,,,,,,,,,,,,,,,,,,,,,,,,,,
AA3486,,,,,,,,,,,,,,,,,,,,,,,,,,,,"[ECP]rsp 巴 中 度  單ipo 中債還在想
 ",,,,,,,,,,,,,,,,,,,,,,,,,
AA3487,,,,,,,,,,,,,,,,,,,,,,,,,"自行來電問IPO五年期人幣 要買會來現場
 ",,,,,,,,,,,,,,,,,,,,,,,,,,,,
AA3488,,,,,,,,,,,,,,,,,,,,,,,,,"家庭戶 古太太的家人，要買台股 中小、E科，推Q2
 ","[ECP]家庭戶 古太太的家人，RSP 有信用合作社，有郵局，另外是二位小朋友
 ",,,,"[ECP]開戶文件有收到，請客戶盡快寄回，推Q3
 ",,,,,,,,,,,,,,,,,,,,,,,
AA3496,,,,,,,,,,,,,,,,,,,,,,,,,,"Vivian轉介 客戶來電確認永豐銀專員跟他說5年階梯有保本 有確定嗎 
 ",,,,,,,,,,,,,,,,,,,,,,,,,,,
AA3497,,,,,,,,,,,,,,,,,,,,,,,,,,"家庭戶 劉O遠媽媽在介紹的，想要兒子買 RSP，在長榮航空上班，平常不見得方便接，可以email，推環球、中國，推Q2，用台幣國泰
 ","[ECP]有考慮近期至台北時到現場填寫文件
 ",,,,,,"[ECP]follow 真的很忙沒空填,也沒來台北,表單還在不用重寄
 ",,,,,,,,,,,,,,,,,,,,
AA3502,,,,,,,,,,,,,,,,,,,,,,,,,,,"陳淑鈺(戶號152073)的朋友要開戶Miya 客戶，用中信銀行扣款，寄資料至通訊請客戶填寫，
 ",,,,,,"[ECP]朋友回南部去了,暫不開
 ",,,,,,,,,,,,,,,,,,,,
AA3506,,,,,,,,,,,,,,,,,,,,,,,,,,,"詢問人民幣，有人民幣，7/3 早上再去電，推IPO中國債
 ",,,,,,,,,,,,,,,,,,,,,,,,,,
AA3507,,,,,,,,,,,,,"[ECP]請勿再打 客戶本人在國外
 ",,,,,,,,,,,,,,,,,,,,,,,,,,,,,,,,,,,,,,,,
AA3509,,,,,,,,,,,,,,,,,,,,,,,,,,,"成年滿20歲，台幣台銀，手機是法代媽媽黃小姐，想要幫他做RSP，當兵，都是媽媽在操作，績效要好，希望一開始買就能有漲，年輕人才會有信心一直扣
 ",,,,,"[ECP]黃小姐，現在在ikea吃早餐，手機快沒電，請我晚一點打
 ",,"[ECP]媽媽要小孩去處理，當兵六日才會回來
 ","[ECP]8/31 ec追蹤 去電娘黃小姐  告知之後要改表單 請協助盡快寄回 反應有些冷淡 
 ",,,,,,,,,,,,,,,,,,
AA3521,,,,,,,,,,,,,,,,,,,,,,,,,,,"來電問五年階梯到期先mail參考
去電告知已mail 客戶說還沒收到 請客戶可以先看公司官網 另提醒我之前電話說明的配息是已換算成年化的
 [ECP]客戶說他後來去看銀行定存是八月到期
 ",,,,,,,,,,,,,,,,,,,,,,,,,,
AA3522,,,,,,,,,,,,,,,,,,,,,,,,,,,"先生跟他都在銀行套 N新債  澳 幣  有推IPO 中債  聯邦一銀
 ",,,,,,,,,,,,,,,,,,,,,,,,,,
AA3523,,,,,,,,,,,,,,,,,,,,,,,,,,,,,"等手邊的股票賣掉，才會考慮買邊境市場主權債基金美元，銀行可能要用富邦，先寄email
 ",,,,,,,,,,,,,,,,,,,,,,,,
AA3525,,,,,,,,,,,,,,,,,,,,,,,,,,,"有朋友買四年期，推五年期，美元，再看看，永豐他也有帳號，大概有2萬多元美元，申請0.3%，再加一些到3萬元，申請0.1%
 ","[ECP]還沒有看到開戶文件
 [ECP]請客戶去看是否收到開戶，募集期間7/19最後一天
 ",,,,,,,,,,,,"[ECP]EC追蹤 客戶已跟保險公司買階梯  推愛爾蘭高收益 重寄表格 559
 ","轉介-idris，推10月活動
 ",,,,,,,,,,,,
AA3528,,,,,,,,,,,,,,,,,,,,,,,,,,,,"安本的客戶要轉換標的.
v轉介
 ",,,,,,,,,,,,,,,,,,,,,,,,,
AA3532,,,,,,,,,,,,,,,,,,,,,,,,,,,,"家庭戶 爸爸 詹O煌在處理，滿20歲，一銀或台中商銀，開戶資料寄給爸爸，想買環球，RSP
 ",,,"兒子有意見，表示先不開，請客戶再和兒子討論一下
 ",,,,,,,,,,,,,,,,,,,,,,
AA3533,,,,,,,,,,,,,,,,,,,,,,,,,,,,"家庭戶 爸爸 詹O煌在處理，滿20歲，一銀或台中商銀，想買環球，RSP，開戶書寄給爸爸收 
 ",,"[ECP]爸爸接聽，暫時不需要，擔心中美貿易，家庭戶
 ",,,,,,,,,,,,,,,,,,,,,,,
AA3535,,,,,,,,,,,,,,,,,,,,,,,,,,,,"進線說要買中國境外內,在FB有看到,金額約10~20萬台幣,PASS M,表單今日有快遞先送過去
轉介-tina，想買IPO邊境台幣月配20萬，掛號送至通訊，有管理室，手0.3% 600元，匯款
又想買人民幣5萬，手150元人民幣，單筆申購書台幣及人民幣都提供給客戶，讓客戶再想想
 ","[ECP]配息一定要20萬，不要買了，因為第一銀行配息可以不用20萬
 ",,,,,,,,,,,,,,,,,,,,,,,,
AA3537,,,,,,,,,,,,,,,,,,,,,,,,,,,,"邊境市場高收益債，想買月配，20萬 配息
 網路上用彰銀扣，有考慮要去玉山開戶，推邊境市場月配，有人民幣不知道有多少，再看一下，如果不夠再去換，推IPO
 ","Miya pss
 [ECP]人民幣不夠5萬，還要再去換，來不及之後再買
 ",,"[ECP]文件有收到，在外面不方便，推 q3 邊境市場月配20萬
 ","[ECP]追開戶.
 ",,,,,,,,,,,,,,,,,,,,,
AA3538,,,,,,,,,,,,,,,,,,,,,,,,,,,,"索取表單,PASS  C,台灣銀行
 ",,,,,,,,,,,,,,,,,,,,,,,,,
AA3541,,,,,,,,,,,,,,,,,,,,,,,,,,,,,"Tina轉介
 [ECP]今晚表單才會拿給朋友,才能知道大名
 ","[ECP]表單已給朋友,還是不知道朋友的名字
 ",,,,,,,,,,,,,,,,,,,,,,,
AA3542,,,,,,,,,,,,,,,,,,,,,,,,,,,,,"回電給客戶 說明邊境市場債 客戶應該明天會去高雄分公司
去電告知已有先照會高雄分公司
 [ECP]住家家人說客戶上班
 ",,,,,,,,,,,,,,,,,,,,,,,,
AA3548,,,"[ECP]打住家本人接聽 講4年IPO 客戶說會自己上網看
 ",,,,"[ECP]打住家本人接 從1月底有獲利就開始贖回 留現金在身上 因過年台灣並沒有開盤 還是有講新春優惠
 ",,,,,,,,,,,,,,,,,,,,,,,,,,,,,,,,,,,,,,"[ECP] 家電本人，簡單提醒優質與中小10月份D檔觸發較多次，客戶似乎都沒再聽，頻頻想掛電話，EMAIL推超級品牌月活動試試看
 ",,,,,,,,
AA3558,,,,,,,,,,,,,,,,,,,,,,,,,,,,,,,,,,,,,,"9/18 11:36張先生來信客服信箱表示要詢問中小改D檔的操作，回電手機，說明操作流程，也請客戶轉答朋友開戶文件已改版，若有需要新版請再通知Mina，客戶平常要中午比較有空接電話
 ",,,,,,,,,,,,,,,
AA3559,,,,,,,,,,,,,,,,,,,,,,,,,,,,,,"回電手機說正進門了，請我改撥家電本人，說明線上開戶引導流程，也說明強基金優惠會以ID比對，客戶OK
 ",,,,,,,,,,,,,,,,,,,,,,,
AA3562,,,,,,,,,,,,,,,,,,,,,,,,,,,,,,"A202253 林O隆的兒子，有考慮要加入強友，家庭戶，還再考慮，爸爸在處理
 ",,,"強友活動沒有了，暫時不開，等下一次若還有強友活動再考慮要不要開
 ",,,,,,,,,,,,,,,,,,,,
AA3563,,,,,,,,,,,,,,,,,,,,,,,,,,,,,,,"已填投信,加開境外.
 ",,,,,,,,,,,,,,,,,,,,,,
AA3566,,,,,,,,,,,,,,,,,,,,,,,,,,,,,,,"詢問全球金額債，不願留資料
 ",,,,,,,,,,,,,,,,,,,,,,
AA3567,,,,,,,,,,,,,,,,,,,,,,,,,,,,,,,,"[ECP]  有收到了會寄回
 ",,,"[ECP]非本人要開戶 是老板要開的  最近市場不好 再看一下
 ","[ECP]通知為舊表單,之後若要開戶需重新填新表單.
 ",,,,,,,,,,,,,,,,,
AA3569,,,,,,,,,,,,,,,,,,,,,,,,,,,,,,,"242022尤X圓5歲小孩 
7/30 09:52手機母親尤O圓，說明新增EC表單填寫事宜，主動告知想幫小孩5歲開戶申購基金，還不知道銀行帳戶要設哪家，安排寄資(註明Idris)
 ",,,,,,,,,,,,,,,,,,,,,,
AA3571,,,,,,,,,,,,,,,,,,,,,,,,,,,,,,,"進線詢全球收益基金,PASS na
回電手機說明金融債，客戶另詢問配息較高的債券基金，推薦邊境市場債，允後續金融債文宣出來後郵寄給客戶，可先完成開戶事宜，客戶OK
 ","[ECP] 8/10 15:02手機本人，請我約30分後在撥打
 ",,,,,,,,,,,,,,,,,,,,,
AA3577,,,,,,,,,,,,,,,,,,,,,,,,,,,,,,,"推Q3，有想要再投資，寄相關資料至通訊
 ",,"[ECP]開戶文件有收到，下週才會處理
 ",,,,,,,,,,,,,,,,,,,,
AA3580,,,,,,,,,,,,,,,,,,,,,,,,,,,,,,,"建立時間:2018/8/1 下午 12:04:31 問題內容: --------------------------- 您好: 我要索取開戶資料(要幫小孩開戶)86年次,滿20歲了。謝謝! 
 ",,,,,,,,,,,,,,,,,,,,,,
AA3582,,,,,,,,,,,,,,,,,,,,,,,,,,,,,,,"丈夫開戶電確 推本人開戶  
 ",,,,,,,,,,,,,,,,,,,,,,
AA3584,,,,,,,,,,,,,,,,,,,,,,,,,,,,,,,,,"[ECP]掛退  1. (P1)→請填『通訊地址』 2. (P5)→請填『買回帳戶』 3. (P8)→銀行印不清，請重蓋 4. (P9)→缺勾銀行別 5. 單筆申購書可待完成開戶後，且完成匯款後，屆時傳真單筆申購書與匯款收據，辦理申購。 
 ",,,,,,,,,,,,,,,,,,,,
AA3586,,,,,,,,,,,,,,,,,,,,,,,,,,,,,,,"想買APHY 今日會現場辦,PASS mina,北富邦銀
Tina轉介Mina
 ","[ECP]follow開戶
 [ECP] 8/10 15:51手機本人，開戶資料有收到，但還沒時間填，會找時間填好，再討論APHY亞太複合高收益債申購建議
 ",,,,"[ECP]follow開戶,客戶拒聽說在忙就掛斷,
 ",,"[ECP] 9/19 17:33手機已接通後，聽到野村就又變成未接聽？然後斷線？公電未接，前紀錄客戶拒絕接聽
 ",,,,,,,,,,,,,,,
AA3587,,,,,,,,,,,,,,,,,,,,,,,,,,,,,,,,"[ECP]電確,農會上班
 ",,,,,,,,,,,,,,,,,,,,,
AA3588,,,,,,,,,,,,,,,,,,,,,,,,,,,,,,,"保銀在中信，中信的理專通知他，金融債IPO，有國泰也有中信，有時也會去大陸玩，有開中國的帳號，人民幣都放在中國的定存，會想以台幣來投資，寄相關資料至通訊, 募集期間8/13-8/17網路上手續費0.3%。單筆沒有0%
 ","[ECP]開會在忙，推Q3，詢問開戶有沒有需要協助
 ","[ECP]開會中，晚一點再打
 ",,,,,,,,,,,,,,,,,,,,
AA3590,,,,,,,,,,,,,,,,,,,,,,,,,,,,,,,,"推 q3，詢問邊境市場債
 ",,,,,,,,,,,,,,,,,,,,,
AA3591,,,,,,,,,,,,,,,,,,,,,,,,,,,,,,,,"[ECP]follow文件,在唱歌,不方便接聽
 ",,,,,,,,,,,,,,,,,,,,,
AA3593,,,,,,,,,,,,,,,,,,,,,,,,,,,,,,,,"土銀 中信都寄 轉介208
 ",,,,,,,,,,,,,,,,,,,,,
AA3594,,,,,,,,,,,,,,,,,,,,,,,,,,,,,,,,"要買債有配推金債 亞債
 ","[ECP] 金債 亞債  開戶考量中 
 ",,,"[ECP]市場太亂 so才沒寄回 推亞債市場很低可進了
 ",,,,,,,,,,,,,,,,,
AA3596,,,,,,,,,,,,,,,,,,,,,,,,,,,,,,,,"商刊edm  ipo 金債 有機會 
C PASS
 [ECP]尚未線填,客戶說先寄空白表單
 ","[ECP]follow 有空再申請,(意願低)
 ","[ECP] 客戶不要寄回 拒   要求不要再打了 
 ",,,,,,,,,,,,,,,,,,,
AA3597,,,,,,,,,,,,,,,,,,,,,,,,,,,,,,,,"股票及債建議環球、亞債，詢問金融債但要RSP，推Q3
 ",,,,,,,,,,,,,,,,,,,,,
AA3598,,,,,,,,,,,,,,,,,,,,,,,,,,,,,,,,"要申購單筆金融債100萬，也有想要用RMB交易，會來現場填開戶文件，有告知下週開始募集，可能需要匯款，手續費0.3%，客戶清楚
 ",,"[ECP]先生說暫不開戶,因為親戚有給建議,所以暫不開,等日後有需要會主動聯絡
 ",,,,,,,,,,,,,,,,,,,
AA3599,,,,,,,,,,,,,,,,,,,,,,,,,,,,,,,,"推EC 想買債 高配息 轉介559
轉介-idris，推Q3 邊境
 ",,,"[ECP]ec追蹤，告知表格將更新，請盡快寄回
推Q3，金融債，有想買南非幣，台幣比較多建議先買境內基金，比較喜歡境外基金，再寄一次，開戶書沒有收到，用掛號寄給客戶，可能用國泰或永豐
 ",,,,,,,,,,,,,,,,,,
AA3600,,,,,,,,,,,,,,,,,,,,,,,,,,,,,,,,"朋友進線詢問,若有開戶,PASS Miya 
 ",,,,,,,,,,,,,,,,,,,,,
AA3604,,,,,,,,,,,,,,,,,,,,,,,,,,,,,,,,"詢問金融債IPO問題，想到銀行買，有簡單告知募集集與手續費用，建議來野村現場開戶直接直接申購，會再跟太太討論看看
 ",,,,,,,,,,,,,,,,,,,,,
AA3605,,,,,,,,,,,,,,,,,,,,,,,,,,,,,,,,"8/10 17:08來電詢問金融債IPO，建議直接跟野村買比較划算，客戶表示要再想看看，有需要再聯繫我們，有提供代號561張小姐
 ",,,,,,,,,,,,,,,,,,,,,
AA3610,,,,,,,,,,,,,,,,,,,,,,,,,,,,,,,,,"中信銀 金融債 ipo rsp 沒什麼錢 新手  
 ",,,,,,,,,,,,,,,,,,,,
AA3618,,,,,,,,,,,,,,,,,,,,,,,,,,,,,,,,,"聯絡商周IPO名單，無意願投資新基金，但想參考其他基金，索取兩份開戶文件，用國泰世華
 ",,,,,,,,,,,,,,,,,,,,
AA3621,,,,,,,,,,,,,,,,,,,,,,,,,,,,,,,,,,,,,,,"[ECP] 9/26 14:40手機本人，無庫存無RSP，推說沒再看啦，推薦環球+中國機會+大俄羅斯，EMAIL推Q3
 ",,,,,,,,,,,,,,
AA3622,,,,,,,,,,,,,,,,,,,,,,,,,,,,,,,,,"mail表單,進線說要下天達黃金英磅..又問原物料貴金屬有沒有日元或英磅計價的PASS M
轉介-tina，推Q3 星期日要出差，要到9月底才會回台，目前沒有時間處理，先mail聯絡方式給客戶，有需要協助會再來電
 [ECP]follow開戶,近期要出國,要等9月才有空開戶填寫
 ",,,,"[ECP]還沒回台灣,重新提供新版開戶表單
 ","[ECP]不需重寄表單,近期忙沒空,再則沒錢
 ",,,,,,,,,,,,,,,
AA3624,,,,,,,,,,,,,,,,,,,,,,,,,,,,,,,,,"推金融債台幣月配，中信，推q3，有申請網路功能，爭取0.3%，即將退休
 ",,,,,,,,,,,,,,,,,,,,
AA3626,,,,,,,,,,,,,,,,,,,,,,,,,,,,,,,,,"商周留名單IPO金融債，寄相關資料至通訊，明天才有空和我說
 一銀，金融債台幣月配，推Q3，書面寄至通訊限時，請客戶寄回
 ",,,,,,,,,,,,,,,,,,,,
AA3628,,,,,,,,,,,,,,,,,,,,,,,,,,,,,,,,,"聯絡上，但是不方便，晚一點再打
 ",,,,,,,,,,,,,,,,,,,,
AA3629,,,,,,,,,,,,,,,,,,,,,,,,,,,,,,,,,"晚一點再打，在坐車不方便，IPO金融債留名單
下週三8/22才會回台東，下週才會處理，寄書面至通訊，要買月配，推金融債
台外幣用一銀同一個帳號，比較常用郵局，買回可以留郵局，等網路功能核印成功，再上網處理
 ",,,,,,,,,,,,,,,,,,,,
AA3630,,,,,,,,,,,,,,,,,,,,,,,,,,,,,,,,,,,"[ECP]電確OK 戶籍同ID上所示
 ",,,,,,,,,,,,,,,,,,
AA3631,,,,,,,,,,,,,,,,,,,,,,,,,,,,,,,,,"不願留聯繫電話(室內電為客戶進線時顯示號碼) ,若表單填寫有問會主動聯絡,進線問全球收益手續費,及NN,安本手續費,
 ",,,,,,,,,,,,,,,,,,,,
AA3632,,,,,,,,,,,,,,,,,,,,,,,,,,,,,,,,,"想要下南非幣月配息,PASS na (台外幣設中國信託) 
 ",,,,,,,,,,,,,,,,,,,,
AA3633,,,,,,,,,,,,,,,,,,,,,,,,,,,,,,,,,"8/17 10:00來電IB詢問金融債基金，富邦扣，想用美金買，附匯款帳戶，郵寄開戶，轉Idris
 ","[ECP] 8/23 14:13手機本人，推說有收到資料，還沒時間寫，有提醒8/21已成立，淨值小漲一點點為10.0021，客戶OK
 ",,,,"[ECP] 9/19 17:16手機本人，說最近比較忙，所以表單沒有填，改口想等閉鎖期開再買，已委婉說明，建議先行完成開戶，補寄表單與金融債DM
 ",,,,,,,,"[ECP]轉介-vivian 沒說要找誰 說完基金，回電手續費率 EC+才帶資料  金融債 客戶說等閉鎖期結束後再找我
[ECP] vivian轉過來只有說是楊小姐，沒說之前有留過資料 
 ",,,,,,,
AA3634,,,,,,,,,,,,,,,,,,,,,,,,,,,,,,,,,,"可以提供開戶印見影本供參考嗎? 因為不確定是哪一顆印章 謝謝 採回信,沒有電話 
 ",,,,,,,,,,,,,,,,,,,
AA3635,,,,,,,,,,,,,,,,,,,,,,,,,,,,,,,,,,,"[ECP]一直問目標到期債  在忙 週一打
 ",,,,,,,,,,,,,,,,,,
AA3636,,,,,,,,,,,,,,,,,,,,,,,,,,,,,,,,,,"會線上填寄回  MI人幣 嫌麻煩 
 ",,,,,,,,,,,,,,,,,,,
AA3637,,,,,,,,,,,,,,,,,,,,,,,,,,,,,,,,,,"款台 561
Idris轉介Mina
 ","[ECP]8/31EC開戶追蹤 告知之後要改表單 請協助盡快寄回 
 ",,,"[ECP]通知要寄新表格， 說話顛3倒4，一下說好，一下說不要  
 ",,,,,,,,,,,,,,,
AA3638,,,,,,,,,,,,,,,,,,,,,,,,,,,,,,,,,,,,"[ECP]EC追蹤 重寄表格
重寄
 ",,,"[ECP]好好好 不理會
 ",,,,,,,,,,,,,,
AA3673,,,,,,,,,,,,,,,,,,,,,,,,,,,,,,,,,,,,"問野愛美高  說明了很久的市場 會再想一下再來電開戶
 ",,,,,,,,,,,,,,,,,
AA3674,,,,,,,,,,,,,,,,,,,,,,,,,,,,,,,,,,,,"I*561 一本萬利 向客戶表示會改表單 先寄  轉介561
 ",,,,,,,,,,,,"[ECP] 手機本人，說明NNL新興債走勢，推D檔投資一個月扣兩次，可參考，也推ROBO，同意重新寄新表格，先請開戶完成
 ",,,,,
AA3675,,,,,,,,,,,,,,,,,,,,,,,,,,,,,,,,,,,,"進線問天達環球股票入息有那幾家銀行代銷,想扣小額,推可申請公司網路交易PASS C
 ",,,,,,,,,,,,,,,,,
AA3678,,,,,,,,,,,,,,,,,,,,,,,,,,,,,,,,,,,,,,,,,,,,,,,,"客戶在國世銀 vip 都是打3折 0.9  目前有美金10萬 想買天達黃金  說明12月單筆 0送點 ,之后都若超過50萬 再送他點數抵到0.2%
 ",,"[ECP]還要跟銀行談一下  要買天達黃金
 ","[ECP]暫不開 會再來電找我
 ",,
AA3685,,,,,,,,,,,,,,,,,,,,,,,,,,,,,,,,,,,,,,,"9/26 10:47太太311033手機本人，品牌RSP中，主動問到想要新增AI相關的基金，推Robo，待資料出來在提供給客戶，另外先生想開戶，設定台北富邦，推薦環球，email月報Push
 ",,,,,,,,,,,,,,
AA3688,,,,,,,,,,,,,,,,,,,,,,,,,,,,,,,,,,,,,,,,,,"[ECP]境外買回帳號未填,掛號退,公司地址敦化北路
 ",,,,,,,,,,,
AA3689,,,,,,,,,,,,,,,,,,,,,,,,,,,,,,,,,,,,,,,"員工MGM A0402 
 ",,,,,,,,,,,,,,
AA3690,,,,,,,,,,,,,,,,,,,,,,,,,,,,,,,,,,,,,,,,,"[ECP]請客戶補回資料,送贈品.
 ",,,,,,,,,,,,
AA3691,,,,,,,,,,,,,,,,,,,,,,,,,,,,,,,,,,,,,,,"MGM 只買境內
 ",,,,,,,,,,,,,,
AA3701,,,,,,,,,,,,,,,,,,,,,,,,,,,,,,,,,,,,,,,,"robo委任契約，MGM建議員工加開
 ",,,,,,,,,,,,,
AA3703,,,,,,,,,,,,,,,,,,,,,,,,,,,,,,,,,,,,,,,,"206221戶號的小孩
 ",,,,,,,,,,,,,
AA3705,,,,,,,,,,,,,,,,,,,,,,,,,,,,,,,,,,,,,,,,,"[ECP]退件.
 ",,,,,,,,,,,,
AA3707,,,,,,,,,,,,,,,,,,,,,,,,,,,,,,,,,,,,,,,,,"轉介-vivian，推10月活動
 ",,,,,,,,,,,,
AA3708,,,,,,,,,,,,,,,,,,,,,,,,,,,,,,,,,,,,,,,,,"台幣台銀外幣台新，想要每年約4-5%的報酬的基金，例如：多重資產 波動不要太大，推MI及AMI
 ",,,,,,,,,,,,
AA3714,,,,,,,,,,,,,,,,,,,,,,,,,,,,,,,,,,,,,,,,,,,,,,,,,,,"因跌就不用急  認同低點 會寄回 EC
 ",,
AA3715,,,,,,,,,,,,,,,,,,,,,,,,,,,,,,,,,,,,,,,,,,,"客戶會自行列印寄回.
 ",,,,,,,,,,
AA3718,,,,,,,,,,,,,,,,,,,,,,,,,,,,,,,,,,,,,,,,,,,,"現場拿回開戶文件,問問市場,說自己有買股票,沒買基金
現場客戶 PASS 
 ",,,,,"[ECP]重寄表單+robo,,有可能台新
 ",,,,
AA3723,,,,,,,,,,,,,,,,,,,,,,,,,,,,,,,,,,,,,,,,,,,,,"[ECP]適性本國人未填,及自我證明表左邊漏簽
 ",,,,,,,,
AA3727,,,,,,,,,,,,,,,,,,,,,,,,,,,,,,,,,,,,,,,,,,,,,,"家庭戶 轉介-tina 
 ","[ECP]follow 昨天寄回自己和先生的,但先生晚上7點後才能聯絡,小孩有一位當兵,過一段時間再開
 ",,,,,,
AA3728,,,,,,,,,,,,,,,,,,,,,,,,,,,,,,,,,,,,,,,,,,,,,,,"[ECP]follow 昨天寄回自己和先生的,但先生晚上7點後才能聯絡,小孩有一位當兵,過一段時間再開
 ",,,"家庭戶 大學生，等下一次回家再填寫 看到不認識的電話不會接，請客戶可以打電話進來電確
 ",,,
AA3730,,,,,,,,,,,,,,,,,,,,,,,,,,,,,,,,,,,,,,,,,,,,,,,"Vivian轉介Mina
[ECP] 手機本人，簡單說明NNL能源狀況，EMAIL月報+開戶文件給客戶，Follow
 ",,,,,,
AA3732,,,,,,,,,,,,,,,,,,,,,,,,,,,,,,,,,,,,,,,,,,,,,,,"安本的客戶,要贖回,另想辦網路交易功能,開優惠!
轉介-vivian，推EC 台外幣富邦一本萬利同一個帳號，之前買安本小額的客戶，要先把帳上買回，
 ","[ECP]推EC，文件有收到，請客戶盡快寄回，客戶說在忙
 ",,,,,
AA3735,,,,,,,,,,,,,"[ECP]KYC無開ec名單 拒絕  
 ",,,,,,,,,,,,,,,,,,,,,,,,,,,,,,,,,"[ECP]KYC補正 為本國人士 推EC 款台
[ECP]客表非信託之受託人
 Idris轉介Mina
 [ECP]電確ok
 ",,"[ECP] 11/29 16:51手機本人，推說辦網路只是想買回，還沒有想要投資，說明市場概況，推可低進契約+ROBO，說會評估看看，補ROBO委任書
 ",,,,,
AA3741,,,,,,,,,,,,,,,,,,,,,,,,,,,,,,,,,,,,,,,,,,,,,,,,"來電IB表示要問基金投資，但都不太清楚自己要問甚麼，要穩定的固定收益商品，推金融收益OR亞太複合高收益債券，要協助寄開戶文件，又改口要去新光銀行問，已再次說明透過野村交易會比較划算，客戶說在看看
 ",,,,,
AA3766,,,,,,,,,,,,,,,,,,,,,,,,,,,,,,,,,,,,,,,,,,,,,,,,,,,,"台新數位帳戶尚未去銀行補印卡,先生說有空再處理,陳先生 ROBO 不需要.(洪小姐是老師)
 ",
AA3767,,,,,,,,,,,,,,,,,,,,,,,,,,,,,,,,,,,,,,,,,,,,,,,,,,,"[ECP]通知Line20點,會於21日發送.
 ",,
AA3768,,,,,,,,,,,,,,,,,,,,,,,,,,,,,,,,,,,,,,,,,,,,,,,,,,,"現場客戶 101 24樓員工 要穩健因他股票賠很多  大俄他不要 推環球 N新債 野美高收  RSP 若要會下來開戶
 ",,
AA3801,,,,,,,,,,,,,,,,,,,,,,,,,,,,,,,,,,,,,,,,,,,,,,,,,,,,"轉介-tina，在銀行買天達策略股票，詢問天達特許品牌，不太了解基金，詢問市場，在想要不要先賣天達策略股票??若在銀行買可以問理專，有告知先RSP繼續扣，不一定會在這裡買
 ",
AA3813,,,,,,,,,,,,,,,,,,,,,,,,,,,,,,,,,,,,,,,,,,,,,,,,,,,,"開戶都寄給他，台外幣，NN新興債南非幣月配 在聯邦VIP, 房貸下來的錢來買NN新興債，放長，pass Idris
 ",
AA3880,,,,,,,,,,,,,,,,,,,,,,,,,,,,,,,,,,,,"[ECP]推Q3，好好好 推E科技
 ",,,,,,,,,,,,,,,,,
AA3910,"[ECP]不方說  IPO MAIL
 ",,,,,"[ECP]問鋒裕要不要賣
 ",,,,,,,,,,,,,,"[ECP]對帳單有空會回  因不常家
 ",,,,,,,,,,,,,,,,,,,,,,,,,,,,,,,,,
AA3947,,,,,,,,,,,"推Q1，自己看，不需要 
 ",,,,,,,,,,,,,,,,,,,,,,,,,,,,,,,,,,,,,,,,,,
AA4199,,,,,,,,,,,,"[ECP]有誠意但年紀大不會上網要請家人下/推中國有機會
 ","[ECP]去永豐銀聽說明會 請他買亞高收及亞新  他會再選二支寄回
 ",,"[ECP]退件 明早下單
 [ECP] 今天加開境外EC 玉山  台幣 之后下NN新債
 ",,,,"[ECP]會再看一下NN新債買  D檔
 ",,,,,,,,,,,,,,,,,,,,,,,,,,,,,,,,,,
AA4200,,,,,,,,,,,,,,,,,,,,,,,,,,,,,,,,,,,,,,,,"[ECP] 手機仍轉語音，新馬RSP中，EMAIL推契約
 ",,,,,,,,,,,,,
AA4209,,"家庭戶 太太 176324 要作rsp
 ",,,,,,,,,,,,,,,,,,,,,,,,,,,,,,,,,,,,,,,,,,,,,,,,,,,
AA4226,"[ECP]可能買回  積 單 可以忍波動
 ",,,,,,,,,,,,,,,,,,,,"[ECP]會自己看 不需要理專  積 還再看 會進買單
 ",,,,,,,,,,,,,,,,,,,,,,,,,,,,,,,,
AA4254,,,,,,,,,,,,"有問到中國 推中國機會/重發密碼
[ECP]公司同事說客戶已下班
 ",,,,,,,,,,,,,,"[ECP]公司同事說客戶沒進公司
[ECP]住家電話不通
 ",,,,,,,,,"8/30 17:07表示目前沒有多的預算，其他地方都有配置基金，拉美沒有布局到，推巴西，爸爸說在看看，
 ",,,,,,,,,,,,,,,,,,
AA4255,,,,,,,,,,,,,,,,,,,,"推 q2 申請全品RSP 0%優惠券一張，家庭戶
 ",,,,,,,,,,,,,,,,,,,,,,,,,,,,,,,,,
AA4259,,,,,,,,,,,,"[ECP]衝刺名單 客戶說網站無法登入 重發密碼及KYC OK
 ",,,,,,,,"[ECP]2017開戶未有契約 客戶說現都做股票 沒有要投資基金
 ",,,,,,,,,,,,,,,,,,,,,,,,,,,,,,,,,
AA4291,,,,"n 美利堅美元/ 單筆匯款  報1萬美元0.75 % 表定 缺高風預告
 ",,,,,,,,,,,,,,,,,,,,,,,,,,,,,,,,,,,,,,,,,,,,,,,,,
AA4331,,,,,,,"[ECP]Q!大額買回~ 等機會進場
 ",,,,,,,,,,,,,,,,"[ECP]IPOX
 ",,,,,,,,,,,,,,,,,,,,,,,,,,,,,,
AA4372,,,,"網路上看ipo  美及人有機會  線上填 先作這一支境內/境外之后再補  有告知經理費1.5%
cherry  人及美都有機會
 [ECP]確認文件以掛號寄出
 [ECP]0.4%  IPO 美1萬3
 ","[ECP]電確,家管,客人說四年期債申購款已匯
 ",,,,"[ECP]亞債人民幣10萬要求0.3%
[ECP]10萬人民幣給0.3% 下週單筆
 ","[ECP]ABHY ABP 人民幣3月低到期,到時可能會再加一點
 ",,,"[ECP]人民幣 亞高130萬
 ",,,,,,,,,"[ECP]沒信心 沒錢 IPO
 ",,"[ECP]帳號過長需修正,掛退
 ","[ECP]電確,有要異動指扣帳戶.
 ","[ECP]本來想要賣4年期 有資需求
 ",,,,,,,,"[ECP]家庭戶馬X璇319381 請我推基金給他 穩健型都可以
 ",,,,,,,,,,,,,,,,,,,
AA4438,,,,,,,,"不需要，身體不適 大額贖回
 ",,,,,,,,,,,,,,,,,,,,,,,,,,,,,,,,,,,,,,,,,,,,,
AA4642,,,,,,,,,,,,,,,,,,,,,,,,,,,,,"[ECP] 7/19 17:08家電本人，日本領先沒有RSP，簡單說明市場概況，缺個資背景調查，無EC功能，補網路功能+解限表單給客戶
 ",,,,,,,,,,,,,,,,,,,,,,,,
AA4763,,,,,,,,,,,,,,,,,,,,,,,,,,,,,,,"[ECP]q3  忙 上班不方便 請用mail 
 ",,,,,,,,,,,,,,,,,,,,,,
AA4878,,,,,"人在國外用mail
 ",,,,,,,,,,,,,,,,,,,,,,,,,,,,,,,,,,,,,,,,,,,,,,,,
AA4905,,,,,,,,,,,,,,,,,,,,,,,,,"[ECP] 家電本人，無RSP，頻頻詢問要做甚麼，先EMAIL聯絡代號
 ",,,,,,,,,,,,,,,,,,,,,,,,,,,,
AA5106,,,,,,,,,,,,,,,,,"[ECP]覺得現在很高，推大俄，推 q2
 ",,,,,,,,,,,,,,,,,,,,,,,,,,,,,,,,,"[ECP] 退休 不想買基金 推金融債，買個股有股利 Robo 寄給客戶看 行銷註記打開
 ",,,
AA5153,,,,,,"[ECP]KYC名單 講1Q優惠 客戶說mail參考
 ",,,,,,,,,,,"[ECP]公司 同事有請客戶接 mail 2Q優惠
 ",,,,"[ECP]泰國巴西名單 客戶說最近忙 不需要
 ",,,,,,,,,,,,,,,,,,,,,,"[ECP] 10/23 16:41手機本人，沒有多的資金，在其他又卡住，所以沒辦法新增投資，EMAIL推十月品牌月活動
 ",,,,,,,,,,
AA5192,,,,,,,,,,,,,,,,,,,,,,,,,,"[ECP] 己MAIL l中債IPO
 ",,,,,,,,,,,,,,,,,,,,,,,,,,,
AA5297,,,,,,,,,,,,,,,,,,"[ECP]建立時間:2018/4/30 下午 04:29:01 問題內容:最近查自己所擁有的基金，無法看淨值的曲線圖，敬請告訴操作方式。 
 ",,,,,,,,"[ECP]推IPO中國債 申請0%優惠券一張，想把帳上的基金賣掉，建議可以再等一下，金額約50萬
[ECP]推IPO中國債，申請0%優惠券一張
 ",,"[ECP]單筆30萬，推IPO中國債，這二天下單，請客戶記得上網點0%優惠券
 ",,,,,,,,,,,,,,,,,,,,,,,,,
AA5408,,,,,,,,,,,,,,,,,,,,,,,,,,"[ECP] mail 中債
 ",,,,,,,,,,,,,,,,,,,,,,,,,,,
AA5576,,,,,,,,,,,,,,,,,,,,,,,,,,,,,,,,,,,,,,"[ECP]有機會扣 E科 RSP 有推D  先改指扣
 ",,"[ECP]問內扣手續費
[ECP]市場分析  中巴俄 環 亞債 n新債
 ",,,,,,,,,,,,,
AA5585,,,,,,,,,,,,,,,,,,,,,,,,"[ECP]MI績效不好，推中國境內債50萬，爭取0%，累積，反應績極成長績效不好
 ",,,,,,,,,,,,,,,,,,,,,,,,,,,,,
AA5609,,,,,,,,,,"[ECP]提醒客人寄回地?異動及身份證影本
 ",,,,,,,,,,,,,,,,,,,,,,,,,,,,,,,,,,,,,,,,,,,
AA5617,,,,,,,,,,,,"[ECP]客戶在忙出貨，推Q1，mail 太太在處理
 ",,,,,,,,,,,,,,,,,,"[ECP]現在沒有要增加
 ",,,,,,,,,,,,,,,,,,,,"[ECP]太太在處理，Robo  還沒有看到信
 ",,,
AA5645,,,,,,,,,,,,,,,,,,,,,,,,,,,,,,,,,,,,,,,,,,,,,,,,,,,"[ECP]在吃飯， 沒空，Robo問卷有興趣 紅利500點
 ",,
AA5706,,"成年，家庭戶 推IPO四年期，人民幣約台幣30萬 181030 李O哲
 ",,,,,,,,,,,,,,,,,,,,,,,,,,,,,,,,,,,,,,,,,,,,,,,,,,,
AA5736,,,,,,,,,,,,,,,,,,,,,,,,,,"[ECP]有機會 ipo 中債要看一下 再說 資金不多
 ",,,,,,,,,,,,,,,,,,,,,,,,,,"[ECP]ROBO 2
 ",
AA5785,,"ipo 人民幣 會參考 家庭戶
 ",,,,,,,,,,,,,,,,,,,,,"ipo 中債 可接受 用mail  家庭戶 薛素珠
 ",,,,,,,,,,,,,,,,,,,,,,,,,,,,,,
AA5939,,,,,,,,,,,"不要再投資了，去銀行買海外債
 ",,,,,,,,,,,,,,,,,,,,,,,,,,,,,,,,,,,,,,,,,,
AA6007,,,,,,,,,,,,,,,,,,,,,,,,"[ECP] 6/15 14:38手機本人，先email聯絡代號並Push中國境內債
 ",,,,,,,,,,,,,,,,,,,,,,,,,,,,,
AA6008,,,,,,,,,,,,,,,,,,,,,,,,,,,,,,,,,"[ECP]詢問開戶文件是否收到，目前還沒有看到，推Q3，推IPO金融債
 ",,,,,,,,,,,,,,,,,,,,
AA6076,,,,,,,,,,,,,,,,,"[ECP]境外ES被退:無此使用者,客戶的兒子說少打tw,寄表單修改
 ",,,,,,,,,"[ECP]想要買回，要用錢，要全部賣
 ",,,,"帳上環高收都賣掉，今日來電要大俄及日本領月報,今天會寄出
 ",,,,,,,,,,,,,,,,"[ECP]收到適性第6,7沒填出生地,,掛退,不願線上更新,經營小吃
 ",,,,,"進線自營山東火燒是面食類
[ECP]Robo RSP、單筆書面，不常上網 大俄、中國、環球、印度
 ","[ECP] 文件有收到，請客戶寄回RSP書面，詢問中國機會的淨值
 ",
AA6342,,,,,,,,,,,,,,,,,,,,,,,,,,,,,,,"[ECP] 8/1 17:24手機本人，聽到野村就說再看看啦再看看啦，似乎無意願開戶？？
 ",,,,,,,,,,,,,,,,,,,,,,
AA6370,,,,"[ECP]Tina轉介 客戶問NNL新興債是強勢貨幣為主 經說明後客戶 本身在基富通及先鋒都有開戶 還是不跟我們開戶
 ",,,,,,,,,,,,,,,,,,,,,,,,,,,,,,,,,,,,,,,,,,,,,,,,,
AA6445,,,,,,,,,,,,,,,,,,,,,,,,,"[ECP]有開edm 再mail 中債ipo
 ",,"[ECP]ipo 中債再看看 不要券 
 ",,,,,,,,,,,,,,,,,,,,,,,,,,
AA6578,,,"要買回 推EC
 ",,,,,,,,,,,,,,,,,,,,,,,,,,,,,,,,,,,,,,,,,,,,,,,,,,
AA6736,,,,,,,,,,,,,,,,,,,,,,"[ECP]Money 電子報訂閱名單,寄表單,建議先從線上填寫 
 ",,,,,,,,,,,,,,,,,,,,,,,,,,,,,,,
AA7030,,,,,,,,,,,,,,,,,,,,,,,,,,,,,,,,,,,,,,,,,,,,,,,,,"Idris轉介Mina
 ",,"[ECP] 12/22 10:44手機本人，表示已寄回ROBO委任書，目前境內外庫存已多，簡單說明市場概況，請續扣，另EMAIL活動試試看
 ",,
AA7083,,,,,,,,,,,,,"[ECP]再看看
 ",,,,,,,,,,,,,"[ECP]對債沒興趣  IPOX
 ",,,,,,,,,,,,,,,,,,,,,,,,,,,
AA7119,,,,,,,,,,,,,,,,,,,,,,,,,,,,"[ECP]邊境市場債 客戶說沒有多的資金
 ",,,,,,,,,,,,,,,,,,,,,,,,,
AA7368,,,,,,,,,,,,,,,,,,,,,,,,,,,,,,,,,,,,,,,,,,,,,,,,,,,"[ECP]Robo問券有興趣，紅利500點，Robo寄書面至通訊，太太接聽說在顧孫子，不會再投資
 ",,
AA7384,,,,,,,,,,,,,,,,,,,,,,,,,,,,,,,,,,,,,,,,,,,,,,,,"[ECP]核印成功,等G20二國會面後明確一點再設定，建議可以找低基期像NN能源、天達亞洲股票基金先設定
 ",,,"[ECP]Robo問卷有興趣 紅利500點 好
 ",,
AA7485,,,,,,,,,,,,,,,,,,,,,,,,,,,,,,,,,,,,,,,,,,"問荷寶消費型及天達特許差異,及荷寶消費國家亞洲區配置
[ECP] 回電說明荷寶消費趨勢+天達特許品牌的國家配置差異，提十月品牌月活動，有意願開戶，設定華銀
 [ECP]follow,假日有空才會填
 ",,,,"[ECP]復建中,明天早上再打
 ","[ECP]開刀住院,暫不辦理,表單12月再重新寄送
 ",,,,,,
AA7518,,,,,,,,,,,,,,,,,,,,,,,,,,,,,,,,,,,,,,,,,,,,,,"[ECP]Robo 
 ",,,,,,,
AA7523,,,,,,,,,,,"[ECP]線上 掛寄
 ",,,,,,,,,,,,,,,,,,,,,,,,,,,,,,,,,,,,,,,,,,
AA7534,,,,,,,,,,,,,,,,,,,,,,,,,,,,,,,,,,,,,,,,"10/1 10:52手機本人表示正在忙，前已建立潛在，A174660，請我晚點撥，強基金九月名單客戶
[ECP] 10/1 12:11手機本人，確認郵寄地址，要設定華銀，允強友優惠會協助保留，但仍請盡快寄回開戶文件
 ","[ECP]EC追蹤OK
 ","[ECP]10/18強友EC追蹤 向客戶說明優惠有保留  務必10月底前寄回 
 ",,,,,,,,,,,
AA7541,,,,,,,,,,,,,,,,,,,,,,,,,,,,,,,,,,,,,,,,,,,,"轉介-tina，家庭戶 媽媽在處理，推EC，媽媽 46812陳O芳
 ","家庭戶 媽媽在處理 小孩先寄一份回來，另一個小孩在國外 文件已收到，請客戶掛號寄回
 ","娘說明天寄回
 ",,,,"Robo 家庭戶 陳O芳在處理
 ",,,
AA7601,,,,,,,,,,,,,,,,,,,,,,,,,,,,,,,,"朋友說會至現場辦理
 ",,,,,,,,,,,,,,,,,,,,,
AA7685,,,,,,,,,,,,,,,,,,,,,,,,,,,,,"[ECP]備用金6~9個月KYC
 ",,,,,,,,,,,,,,,,,,,,,,,,
AA7780,,,,,,,,,,,,,,,,,,,,,,,,"[ECP]IPO中債已MAIL 再看看
 ",,,,,,,,,,,,,,,,,,,,,,,,,"ROBO1 會寄回 有問到境外明年開放 
 ",,,,
AA7799,,,,,,,,,,,"[ECP]住家電話不通
 ",,,,,,,,,,,,,,,,,,,,,,,,,,,,,,,,,,,,,,"[ECP]Robo 異動地址
 ",,,,
AA7870,,"[ECP]生日券
 ",,,,,,,,,,,,,,,,,,,,"今天要下亞高２０萬
 ",,,,,,,,,,,,,,,,,,,,,,,,,,,,,,,
AA7944,,,,,,,,,,,,,,,"[ECP]缺填email信箱，掛退
 ",,,,,,,,,,,,,,,,,,,,,,,,,,,,,,,,,,,,,,
AA8011,,"客人經由國泰天母/ 很會問 不會開戶 不用浪費時間  在銀行買nn亞債
 ",,,,,,,,,,,,,,,,,,,,,,,,,,,,,,,,,,,,,,,,,,,,,,,,,,,
AA8041,,,,,,,,,,,,,,,,,,,,,,,,,,"[ECP]推IPO中國債，沒錢，沒信心想把NN環高收賣掉，建議再等到七月再看
 ",,,,,,,,,,,,,,,,,,,,,,,,,,,
AA8077,,,,,,,,"[ECP]之前來現場買MI 人民幣，有配出來息是人民幣，想再買MI人民幣，若有需要會來現場，推中國、環球。@line好友拿7-11咖啡 新春活動
 ",,"多元收益人民幣73000書面，3/8去匯款，之後還有一筆人民幣，再考慮再轉到這裡，推亞太收益多重資產
 ",,,,,,,,,,,,,,,,,,,,,,,,,,,,,,,,,,,,,,,,,,,
AA8130,,,,,,,,,,,,,,,,,,,,,,,,,,,,,,,,,,,,,,,,,,,,,,,,,"[ECP]　不用
 ",,,,
AA8199,,,,"[ECP]KYC名單 客戶說上班不方便 先mail 1Q優惠
 ",,,,,,,,,,,,,,,,,,,,,,,,,,,,,,,,,,,,,,,,,,,"[ECP]Robo
 ",,,,,,
AA8267,,,,,,,,,,,,,,,,,,,,,,,,"[ECP]在上班，晚上再打，推IPO中國債
 ",,,,,,,,,,,,,,,,,,,,,,,,,,,,,
AA8303,,,,,,,,,"LINE好友 在銀行買NN環高有抱怨績效不好  有作中A股 單筆套RSP有打平, 推 Q1 OK
 ",,,,,,,,,,,,,,,,"[ECP]EC追蹤 通話中 晚點聯絡
 ",,,,,,,,,,,"[ECP]EC追蹤 將野村設定拒接來電
 ",,,,,,,,,,,,,,,,,
AA8395,,,,,,,,,,,,,,,,,,,,,,,,,,,,,,,,,,,,,,"[ECP]新增指扣，以前是高雄 ds，沒錢
 ",,,,,,,,,,,,,,,
AA8459,,,,,,,,,,,,,,,,,,,,,,,,,,,,,,,,,,,,,,,,,,"10/17 11:53庫存全品+環球+巴西無RSP，建議重新恢復環球契約，客戶說再看看，EMAIL要改為先生的，
 561
 ",,,,,,,"EC追蹤 太太302856為主要處理人 扣款行為合庫 因為要出國 明年初再寄
 ",,,,
AA8549,,,,,,,,,,,,,,,,,,,,,,,,,,,,,,,,,,,,,,,,"[ECP]不需要沒有基金規劃
 ",,,,,,,,,,,,,
AA8654,,"Q1 大俄 印度 
 要扣多天 CRSP 大俄
 ","[ECP]回覆客戶昨天反應申購手續費3000,有找出系統備份寄件內容手續費是0申購價款3000,請客戶若方便可以回寄至客服信箱
 [ECP]交易信函中沒有手續費,客戶誤看欄位
 ",,,,,,,,,,,,,,,,,,,,"[ECP]IPO 中債  資金不多 DM書面
 ",,,,,,,,,,,,,,,,,,,,,,,,,,,,,,
AA8683,,,,,,,,,,,,"[ECP]有興趣買亞太複合人民幣產品,回電告知渣打銷售,台企應該有,請客戶比較一下手續費.
 ",,,,,,,,,,,,,,,,,,,,,,,,,,,,,,,,,,,,,,,,,
AA8766,,,,,,,,,,,,"[ECP] 買別家機率大
 ",,,,,,,,"自行來電 境外單筆0
 ",,,,,,,,"[ECP]中國境內債基金的IPO協助銷售 mail參考轉介208
 ",,,,,,,,,,,,,,,,,,,,,,,,,
AA8857,,,,,,,,,,,,,,,,,,,,,,,,,,,,,,"推Q3，推中小 家庭戶 
 ",,,,,,,,,,,,,,,,,,,,,,,
AA8978,,,,,,,"家庭戶 推Q1，新春活動
 ",,,,,,,"推q2 家庭戶 都是太太操作
 ",,,,,,,,,"[ECP]推IPO中國債 沒興趣  
 ",,,,,,,,,,,,,,,,,,,,,,,,,,,,,,
AA9022,,,"[ECP]回電給客戶 指導客戶環高轉到APHY月配
 ",,,,,,,,,,,,,,,,,,,,,,,"[ECP]回電 客戶手機收訊不好 改撥住家
[ECP]來電要扣高科 告知沒優惠 客戶習慣扣定時不定額 請客戶改扣e科 另推中國境內債 mail參考
 ",,,,,,,,,,,,,,,,"10/18 16:37已引導完成---15:58手機本人，表示投資都是爸爸處理的，撥家裡終於找到爸爸-林O欽15754，爸爸表示目前兒子再考公職，沒有工作，所以停扣，等有工作就會扣了，覺得亞太複合高收益債券表現不好，已說明，另推十月品牌月活動，爸爸要把自己的愛爾蘭美高收不定額改為D檔，請我引導交易，後續去電家電就不通…持續連繫
 ",,,,"[ECP] 11/15 17:43家電本人，說明市場概況，說明市場概況，推ROBO，可以參考
 ",,,,,,,
AA9094,,,,,,,,,,,,,,,,,,,,,"[ECP]推q2，沒預算，買滿了，還有別家的 家庭戶
推q2，沒預算，買滿了，還有別家的 家庭戶 女兒
 ",,,,,,,,,,,,,,,,,,,,,,,,,,,,,,,"家庭戶 70歲以上 Robo家人說也有收到
 ",
AA9107,,,,,,,,,,,,,,,,,,,,,,,,,"[ECP]再寄一次，看一下資料再說，推IPO中國債
 ",,,,,,,,,,,,,,,"[ECP]由於系統異常 ，導致您收到下單失敗的通知信，請你忽略此通知信，本公司會重新寄發正確的通知信給您
 ",,,,,,,,,,,,,
AA9122,,,,,,,,,,,,,,,,,"[ECP]推Q2有扣法巴大俄，買很多
 ",,,,,,"[ECP] 推中國債，推Q2
 ",,,,,,,,,,,,,,,"[ECP]境內外e-mail退信 信箱空間不足 轉介559 推RSP
暫不增加，推q3 已經扣很多
 ",,,,,,,"[ECP]在國外 Robo還沒講
 ",,,,,,,"[ECP]Robo已寄回12/22 D檔想要停扣，請客戶先改為一天扣款，先不要停
 ",
AA9132,,,,,,,,,,,,"環高收買很多，想要轉換，推亞債，3/22再回撥，看Fed開會的會後聲明，再回電劉太太。推環球
 ",,,,,,,,,,,,,"家庭戶 劉太太在處理，推IPO中國債還沒講到
 ",,,,,,,,,,,,,,,,,,,,,,,,,,,,
AA9175,,,,,,"[ECP]KYC名單 講1Q優惠及新春活動 先mail參考
 ",,,,,,,,,,,,,,"[ECP]回電給客戶 說明市場狀況
 ",,,,,,,,,,,,,,,,,,,,,,,,,,,,,"12/6 16:49進線詢問多元收益平衡處理方式，建議待明年一月確認加息後表現若有3％可賣掉，亞太複合高收債待2月再評估狀況，環球定額續扣，可新增印度RSP，主動告知已寄回ROBO委任書，也可以參考，EMAIL聯絡代號備用
 ","[ECP] 12/11 16:48手機本人，告知ROBO委任書已收到，客戶說會再看看(明確同意開放電話+簡訊行銷註記)
 ",,,
AA9236,,,,,,,,,,,,,,,,,,,,,,,,,,,,,,,,,,,,,,,"[ECP]拒絕，不用
 ",,,,,,,,,,,,,,
AA9325,,,,,,,,,,,,,,,,,,,,,,,,,,,,,,,,,,,,,,,,,"[ECP]action for 20181008 Incident issue無手機未發SMS需專人連絡名單，客戶已知悉
 ",,,,,,,,,,,,
AA9427,,,,,,,,,,,,,,,,,,"[ECP]推大俄 會參考
 ",,,,,,,,"[ECP]mail 中債 ipo 
 ","[ECP]再看看　ｉｐｏ　中債
 ",,,,,,,,,,,,,,,,,,,,,,,,,,
AA9790,,,,,,,,,,,,,,,,,,,,,,,,"[ECP 市場分析  債   ipo 中債 可參考 mail
 ",,,,,,,,,,,,,,,,,,,,,,,,,,,,,
AA9791,,,,,,,,,,,,,"[ECP]  有提到之前說給二張 WHY只給一張    原rsp 銀行 目前沒錢 以后會 
 ",,,,,,,,,,,,,,,,,,,,,,,,,,,,,,,,,,,,,,,,
AA9802,,,,,,,,,,,,,,,,,,,,,,,,,,,,,,,,,,"IB要新增境外+解限+新增基金投資，境外彰銀，郵寄資料，轉Tina
 ",,,,,,,,,,,,,,,,,,,
AA9875,,,,,,,,,,,,,,,,,,,,,,,,,,"推IPO中國債，有需要申請0%優惠券再和我說，email
 ",,,,,,,,,,,,,,,,,,,,,,,,,,,
AA9929,,,,,,,,,,,,,,,,,,,,,,,,,,,,,,,,,,,,,,,,,,,,,,,,,,,,"員工家庭戶
 ",
AA9951,,,,,,,,,,,,,,,,,,,,,,,,,,,,,,,,,,,,,,,,,,,,,,,,,,"家庭戶
 ",,,
